Program,Filename,Instrument_ID,Turbidity_Std,Turbidity_FNU,Type,Date,PostCalDate,Instrument ID,PostCalCentered,Std_prefix,Std_Age,Pre_TurbStd,Pre_TurbDate,Pre_TurbType
CEMP,POST_FRK_100_2024-06-11.pdf,RTM 100,22E24001726,123.88,postcal,6/12/2024,6/12/2024,NA,-0.12,22E,Old,Unknown,Unknown,Unknown
WQA,NA,SM-46,22G22290213,127.68,postcal,4/29/2024,4/29/2024,NA,3.680000000000007,22G,Old,Unknown,Unknown,Unknown
WQA,NA,SM-21,23E24001726,122.87,postcal,2/23/2024,2/23/2024,NA,-1.13,23E,Old,Unknown,Unknown,Unknown
WQA,NA,SM-29,23E24001726,123.57,postcal,2/14/2024,2/14/2024,NA,-0.43,23E,Old,Unknown,Unknown,Unknown
WQA,NA,SM-34,23E24001726,125.87,postcal,1/24/2024,1/24/2024,NA,1.8700000000000045,23E,Old,Unknown,Unknown,Unknown
WQA,NA,SM-47,23E24001726,126.74,postcal,2/23/2024,2/23/2024,NA,2.739999999999995,23E,Old,Unknown,Unknown,Unknown
CEMP,POST_RRIA_80_2024-06-05.pdf,RTM-80,23F24003259,123.15,postcal,6/5/2024,6/5/2024,NA,-0.85,23F,Old,Unknown,Unknown,Unknown
CEMP,POST_RVB_78_2024-06-19.pdf,RTM-78,23F24003259,123.5,postcal,6/19/2024,6/19/2024,NA,-0.5,23F,Old,Unknown,Unknown,Unknown
CEMP,POST_RRIB_81_2024-06-05.pdf,RTM-81,23F24003259,124.03,postcal,6/5/2024,6/5/2024,NA,0.030000000000001137,23F,Old,Unknown,Unknown,Unknown
WQA,NA,SM-RIC,23G24003826,114.25,postcal,7/12/2024,7/12/2024,NA,-9.75,23G,Old,Unknown,Unknown,Unknown
WQA,NA,SM-21,23G24003826,116.82,postcal,6/18/2024,6/18/2024,NA,-7.18,23G,Old,,,
WQA,NA,SM-34,23G24003826,120,postcal,8/2/2024,8/2/2024,NA,-4,23G,Old,,,
WQA,NA,SM-29,23G24003826,120.25,postcal,6/13/2024,6/13/2024,NA,-3.75,23G,Old,,,
WQA,NA,SM-46,23G24003826,120.62,postcal,9/6/2024,9/6/2024,NA,-3.38,23G,Old,,,
WQA,NA,SM-47,23G24003826,121.18,postcal,6/18/2024,6/18/2024,NA,-2.82,23G,Old,,,
WQA,NA,SM-45,23G24003826,122.61,postcal,6/4/2024,6/4/2024,NA,-1.39,23G,Old,,,
WQA,NA,SM-47,23G24003826,122.81,postcal,4/24/2024,4/24/2024,NA,-1.19,23G,Old,,,
WQA,NA,SM-RAM,23G24003826,123.09,postcal,8/30/2024,8/30/2024,NA,-0.91,23G,Old,,,
WQA,NA,SM-22,23G24003826,123.68,postcal,4/11/2024,4/11/2024,NA,-0.32,23G,Old,,,
WQA,NA,SM-53,23G24003826,123.73,postcal,4/26/2024,4/26/2024,NA,-0.27,23G,Old,,,
WQA,NA,SM-28,23G24003826,123.81,postcal,3/21/2024,3/21/2024,NA,-0.19,23G,Old,,,
WQA,NA,SM-22,23G24003826,123.84,postcal,6/4/2024,6/4/2024,NA,-0.16,23G,Old,,,
WQA,NA,SM-RAM,23G24003826,124.35,postcal,5/3/2024,5/3/2024,NA,0.3499999999999943,23G,Old,,,
WQA,NA,SM-31,23G24003826,124.57,postcal,7/3/2024,7/3/2024,NA,0.5699999999999932,23G,Old,,,
WQA,NA,SM-31,23G24003826,124.58,postcal,5/9/2024,5/9/2024,NA,0.5799999999999983,23G,Old,,,
WQA,NA,SM-29,23G24003826,124.61,postcal,7/18/2024,7/18/2024,NA,0.6099999999999994,23G,Old,,,
WQA,NA,SM-28,23G24003826,124.67,postcal,7/25/2024,7/25/2024,NA,0.6700000000000017,23G,Old,,,
WQA,NA,SM-22,23G24003826,124.7,postcal,8/8/2024,8/8/2024,NA,0.7000000000000028,23G,Old,,,
WQA,NA,SM-45,23G24003826,124.72,postcal,8/8/2024,8/8/2024,NA,0.7199999999999989,23G,Old,,,
WQA,NA,SM-49,23G24003826,124.84,postcal,3/29/2024,3/29/2024,NA,0.8400000000000034,23G,Old,,,
WQA,NA,SM-52,23G24003826,125.01,postcal,3/29/2024,3/29/2024,NA,1.0100000000000051,23G,Old,,,
WQA,NA,SM-20,23G24003826,125.38,postcal,7/25/2024,7/25/2024,NA,1.3799999999999955,23G,Old,,,
WQA,NA,SM-45,23G24003826,125.46,postcal,4/11/2024,4/11/2024,NA,1.4599999999999937,23G,Old,,,
WQA,NA,SM-29,23G24003826,125.53,postcal,4/18/2024,4/18/2024,NA,1.5300000000000011,23G,Old,,,
WQA,NA,SM-29,23G24003826,125.67,postcal,8/15/2024,8/15/2024,NA,1.6700000000000017,23G,Old,,,
WQA,NA,SM-21,23G24003826,125.7,postcal,4/24/2024,4/24/2024,NA,1.7000000000000028,23G,Old,,,
WQA,NA,SM-34,23G24003826,125.81,postcal,5/30/2024,5/30/2024,NA,1.8100000000000023,23G,Old,,,
WQA,NA,SM-39,23G24003826,125.81,postcal,7/3/2024,7/3/2024,NA,1.8100000000000023,23G,Old,,,
WQA,NA,SM-29,23G24003826,125.87,postcal,5/15/2024,5/15/2024,NA,1.8700000000000045,23G,Old,,,
WQA,NA,SM-20,23G24003826,126.7,postcal,3/21/2024,3/21/2024,NA,2.700000000000003,23G,Old,,,
WQA,NA,SM-39,23G24003826,127.84,postcal,5/9/2024,5/9/2024,NA,3.8400000000000034,23G,Old,,,
WQA,NA,SM-23,23G24003826,128.1,postcal,3/22/2024,3/22/2024,NA,4.099999999999994,23G,Old,,,
WQA,NA,SM-21,23G24003826,131.37,postcal,8/21/2024,8/21/2024,NA,7.3700000000000045,23G,Old,,,
WQA,NA,SM-47,23G24003826,133.07,postcal,8/21/2024,8/21/2024,NA,9.069999999999993,23G,Old,,,
WQA,NA,SM-24,23G24003826,179.43,postcal,4/26/2024,4/26/2024,NA,55.43000000000001,23G,Old,,,
WQA,NA,SM-44,24B24009095,114.1,postcal,6/21/2024,6/21/2024,NA,-9.9,24B,Old,,,
WQA,NA,SM-MAG,24B24009095,115,postcal,9/27/2024,9/27/2024,NA,-9,24B,Old,,,
WQA,NA,SM-25,24E24011758,117.62,postcal,9/9/2024,9/9/2024,NA,-6.38,24E,New,,,
WQA,NA,SM-25,24E24011758,117.78,postcal,1/13/2025,1/13/2025,NA,-6.22,24E,New,,,
WQA,NA,SM-RIC,24E24011758,117.9,postcal,10/10/2024,10/10/2024,NA,-6.1,24E,New,,,
WQA,NA,SM-44,24E24011758,119.42,postcal,1/23/2025,1/23/2025,NA,-4.58,24E,New,,,
WQA,NA,SM-28,24E24011758,120.39,postcal,9/18/2024,9/18/2024,NA,-3.61,24E,New,,,
WQA,NA,SM-RAM,24E24011758,120.74,postcal,1/31/2025,1/31/2025,NA,-3.26,24E,New,,,
WQA,NA,SM-JOR,24E24011758,120.94,postcal,2/26/2025,2/26/2025,NA,-3.06,24E,New,,,
WQA,NA,SM-RAM,24E24011758,120.97,postcal,11/22/2024,11/22/2024,NA,-3.03,24E,New,,,
WQA,NA,SM-RIC,24E24011758,121.1,postcal,12/30/2024,12/30/2024,NA,-2.9,24E,New,,,
WQA,NA,SM-29,24E24011758,122.51,postcal,10/10/2024,10/10/2024,NA,-1.49,24E,New,,,
WQA,NA,SM-28,24E24011758,122.67,postcal,11/14/2024,11/14/2024,NA,-1.33,24E,New,,,
WQA,NA,SM-20,24E24011758,123.02,postcal,9/18/2024,9/18/2024,NA,-0.98,24E,New,,,
WQA,NA,SM-47,24E24011758,123.11,postcal,10/16/2024,10/16/2024,NA,-0.89,24E,New,,,
WQA,NA,SM-24,24E24011758,123.21,postcal,1/13/2025,1/13/2025,NA,-0.79,24E,New,,,
WQA,NA,SM-21,24E24011758,123.22,postcal,10/16/2024,10/16/2024,NA,-0.78,24E,New,,,
WQA,NA,SM-39,24E24011758,123.23,postcal,10/30/2024,10/30/2024,NA,-0.77,24E,New,,,
WQA,NA,SM-52,24E24011758,123.32,postcal,1/23/2025,1/23/2025,NA,-0.68,24E,New,,,
WQA,NA,SM-54,24E24011758,123.38,postcal,12/12/2024,12/12/2024,NA,-0.62,24E,New,,,
WQA,NA,SM-22,24E24011758,123.39,postcal,10/4/2024,10/4/2024,NA,-0.61,24E,New,,,
WQA,NA,SM-34,24E24011758,123.41,postcal,8/29/2024,8/29/2024,NA,-0.59,24E,New,,,
WQA,NA,SM-22,24E24011758,123.73,postcal,11/14/2024,11/14/2024,NA,-0.27,24E,New,,,
WQA,NA,SM-39,24E24011758,124,postcal,9/5/2024,9/5/2024,NA,0,24E,New,,,
WQA,NA,SM-31,24E24011758,124.03,postcal,9/5/2024,9/5/2024,NA,0.030000000000001137,24E,New,,,
WQA,NA,SM-31,24E24011758,124.2,postcal,10/30/2024,10/30/2024,NA,0.20000000000000284,24E,New,,,
WQA,NA,SM-34,24E24011758,124.62,postcal,10/24/2024,10/24/2024,NA,0.6200000000000045,24E,New,,,
WQA,NA,SM-29,24E24011758,125.02,postcal,9/12/2024,9/12/2024,NA,1.019999999999996,24E,New,,,
WQA,NA,SM-45,24E24011758,125.07,postcal,10/4/2024,10/4/2024,NA,1.0699999999999932,24E,New,,,
WQA,NA,SM-MAG,24E24011758,125.26,postcal,3/13/2025,3/13/2025,NA,1.2600000000000051,24E,New,,,
WQA,NA,SM-29,24E24011758,125.34,postcal,11/7/2024,11/7/2024,NA,1.3400000000000034,24E,New,,,
WQA,NA,SM-45,24E24011758,125.61,postcal,11/14/2024,11/14/2024,NA,1.6099999999999994,24E,New,,,
WQA,NA,SM-34,24E24011758,125.72,postcal,9/26/2024,9/26/2024,NA,1.7199999999999989,24E,New,,,
WQA,NA,SM-20,24E24011758,125.91,postcal,11/14/2024,11/14/2024,NA,1.9099999999999966,24E,New,,,
WQA,NA,SM-49,24E24011758,126.53,postcal,1/23/2025,1/23/2025,NA,2.530000000000001,24E,New,,,
WQA,NA,SM-53,24E24011758,127.35,postcal,12/13/2024,12/13/2024,NA,3.3499999999999943,24E,New,,,
WQA,NA,SM-24,24E24011758,165.68,postcal,9/6/2024,9/6/2024,NA,41.68000000000001,24E,New,,,
CEMP,POST_PPT_64_2024-07-10.pdf,RTM-64,24E24012288,110.3,postcal,7/11/2024,7/11/2024,NA,-13.7,24E,New,23F24003259,6/10/2024,old
CEMP,POST_TWI_71_2024-07-10.pdf,RTM-71,24E24012288,112,postcal,7/11/2024,7/11/2024,NA,-12,24E,New,23F24003259,6/10/2024,old
CEMP,POST_GZL_78_2024-07-19.pdf,RTM 78,24E24012288,112.04,postcal,7/19/2024,7/19/2024,NA,-11.96,24E,New,24B24009095,6/19/2024,old
CEMP,POST_SSI_102_2024-07-10.pdf,RTM-102,24E24012288,112.2,postcal,7/10/2024,7/10/2024,NA,-11.8,24E,New,Unknown,Unknown,Unknown
CEMP,POST_SJRA_106_2024-07-17.pdf,RTM-106,24E24012288,112.4,postcal,7/17/2024,7/17/2024,NA,-11.6,24E,New,23F24003259,6/17/2024,old
CEMP,POST_ANHA_100_2024-07-17.pdf,RTM 100,24E24012288,112.92,postcal,7/18/2024,7/18/2024,NA,-11.08,24E,New,Unknown,Unknown,Unknown
CEMP,POST_HON_79_2024-07-19.pdf,RTM 79,24E24012288,113.51,postcal,7/19/2024,7/19/2024,NA,-10.49,24E,New,23F24003259,6/19/2024,old
CEMP,POST_MSDA_55_2024-07-17.pdf,RTM-55,24E24012288,113.55,postcal,7/17/2024,7/17/2024,NA,-10.45,24E,New,23F24003259,6/17/2024,old
CEMP,POST_SRHA_105_2024-07-17.pdf,RTM-105,24E24012288,113.7,postcal,7/17/2024,7/17/2024,NA,-10.3,24E,New,23F24003259,6/19/2024,old
CEMP,POST_SRHB_91_2024-07-17.pdf,RTM-91,24E24012288,113.8,postcal,7/17/2024,7/17/2024,NA,-10.2,24E,New,23F24003259,6/19/2024,old
CEMP,POST_RVB_92_2024-07-30.pdf,RTM 92,24E24012288,114.44,postcal,7/30/2024,7/30/2024,NA,-9.56,24E,New,23F24003259,6/19/2024,old
CEMP,POST_MSDB_65_2024-07-17.pdf,RTM-65,24E24012288,116.49,postcal,7/17/2024,7/17/2024,NA,-7.51,24E,New,,,
CEMP,POST_SJRB_114_2024-07-17.pdf,RTM-114,24E24012288,116.7,postcal,7/17/2024,7/17/2024,NA,-7.3,24E,New,,,
WQA,NA,SM-47,24J24014925,121.25,postcal,12/12/2024,12/12/2024,NA,-2.75,24J,New,,,
WQA,NA,SM-31,24J24014925,122.24,postcal,12/12/2024,12/12/2024,NA,-1.76,24J,New,,,
WQA,NA,SM-21,24J24014925,122.73,postcal,12/12/2024,12/12/2024,NA,-1.27,24J,New,,,
WQA,NA,SM-39,24J24014925,123.5,postcal,12/12/2024,12/12/2024,NA,-0.5,24J,New,,,
WQA,NA,SM-29,24J24014925,124.34,postcal,1/3/2025,1/3/2025,NA,0.3400000000000034,24J,New,,,
WQA,NA,SM-22,24J24014925,124.49,postcal,1/9/2025,1/9/2025,NA,0.4899999999999949,24J,New,,,
WQA,NA,SM-20,24J24014925,124.74,postcal,1/9/2025,1/9/2025,NA,0.7399999999999949,24J,New,,,
WQA,NA,SM-45,24J24014925,125.49,postcal,1/9/2025,1/9/2025,NA,1.4899999999999949,24J,New,,,
WQA,NA,SM-28,24J24014925,126,postcal,1/9/2025,1/9/2025,NA,2,24J,New,,,
