region,date,n,n.cen,median,mean,sd,analyte
Central Delta,Apr 2019,4,0,152,181.75,47.274905252857636,SpCndSurface
Central Delta,Aug 2019,4,0,233,264.25,90.75746066669487,SpCndSurface
Central Delta,Aug 2020,4,0,425,485.25,197.64846740277716,SpCndSurface
Central Delta,Dec 2019,4,0,257,405.75,210.10374421540737,SpCndSurface
Central Delta,Dec 2020,3,0,1004,1014,313.119785385721,SpCndSurface
Central Delta,Feb 2019,4,0,205,237.75,67.9184560091487,SpCndSurface
Central Delta,Feb 2020,4,0,297,299.25,25.617376914898998,SpCndSurface
Central Delta,Jan 2019,4,0,386,573,222.5833177336822,SpCndSurface
Central Delta,Jan 2020,4,0,377,381,68.70710783220805,SpCndSurface
Central Delta,Jul 2019,4,0,119,119.75,5.123475382979799,SpCndSurface
Central Delta,Jul 2020,4,0,238,296,115.67771320930117,SpCndSurface
Central Delta,Jun 2019,4,0,104,118.25,24.797513316190933,SpCndSurface
Central Delta,Jun 2020,4,0,245,247.75,27.705294319558007,SpCndSurface
Central Delta,Mar 2019,4,0,160,228.5,120.702112657567,SpCndSurface
Central Delta,Mar 2020,4,0,276,286.75,22.85278976405288,SpCndSurface
Central Delta,May 2019,4,0,147,170.25,45.19863567262475,SpCndSurface
Central Delta,Nov 2019,4,0,162,165.25,8.015609770940697,SpCndSurface
Central Delta,Nov 2020,4,0,683,920.75,494.5208960869769,SpCndSurface
Central Delta,Oct 2019,4,0,NA,149,14.98888477061141,SpCndSurface
Central Delta,Oct 2020,4,0,639,723.25,265.57406374368213,SpCndSurface
Central Delta,Sep 2019,4,0,175,172,19.200694431886223,SpCndSurface
Central Delta,Sep 2020,4,0,944,805,297.56007796745854,SpCndSurface
Confluence,Apr 2019,4,0,162,163.5,13.771952173409064,SpCndSurface
Confluence,Aug 2019,4,0,1911,2390.25,2125.0771554620474,SpCndSurface
Confluence,Aug 2020,4,0,3702,5138.75,4218.239867922796,SpCndSurface
Confluence,Dec 2019,4,0,5270,6866.5,4549.0947451113825,SpCndSurface
Confluence,Dec 2020,1,0,NA,6654,NA,SpCndSurface
Confluence,Feb 2019,4,0,195,194,18.366636418607882,SpCndSurface
Confluence,Feb 2020,4,0,1189,2750.5,2993.712244020791,SpCndSurface
Confluence,Jan 2019,4,0,1149,3232,4151.552480699238,SpCndSurface
Confluence,Jan 2020,4,0,1297,3573.25,3524.7931736013484,SpCndSurface
Confluence,Jul 2019,4,0,450,874.5,760.2221166650354,SpCndSurface
Confluence,Jul 2020,4,0,3987,4433.25,3649.209629038412,SpCndSurface
Confluence,Jun 2019,4,0,116,124,18.601075237738275,SpCndSurface
Confluence,Jun 2020,4,0,2127,2639.75,2274.297748756745,SpCndSurface
Confluence,Mar 2019,4,0,148,156.25,10.242883708539635,SpCndSurface
Confluence,Mar 2020,4,0,880,3958.75,5227.924086097655,SpCndSurface
Confluence,May 2019,4,0,149,151,4.242640687119285,SpCndSurface
Confluence,Nov 2019,4,0,717,3767.75,4162.43673625598,SpCndSurface
Confluence,Nov 2020,4,0,5919,8472.5,4010.1303802578122,SpCndSurface
Confluence,Oct 2019,4,0,605,1533.5,1769.251725070988,SpCndSurface
Confluence,Oct 2020,4,0,6840,8137,4361.263043354909,SpCndSurface
Confluence,Sep 2019,4,0,631,960.75,872.4702000641627,SpCndSurface
Confluence,Sep 2020,4,0,4062,5924,5322.365201048621,SpCndSurface
Northern Interior Bay,Apr 2019,2,0,NA,127.09999999999854,19.657568516988082,SpCndSurface
Northern Interior Bay,Aug 2019,2,0,NA,125.80000000000291,3.1112698372166934,SpCndSurface
Northern Interior Bay,Aug 2020,2,0,NA,163.5,0.7071067811865476,SpCndSurface
Northern Interior Bay,Dec 2019,2,0,NA,177.5500000000029,28.92066735052568,SpCndSurface
Northern Interior Bay,Dec 2020,1,0,NA,164,NA,SpCndSurface
Northern Interior Bay,Feb 2019,2,0,NA,153.0500000000029,42.35569619307008,SpCndSurface
Northern Interior Bay,Feb 2020,2,0,NA,226,14.142135623730951,SpCndSurface
Northern Interior Bay,Jan 2019,2,0,NA,201,NA,SpCndSurface
Northern Interior Bay,Jan 2020,2,0,NA,193.90000000000146,15.697770542339299,SpCndSurface
Northern Interior Bay,Jul 2019,2,0,NA,118.34999999999854,2.333452377917665,SpCndSurface
Northern Interior Bay,Jul 2020,2,0,NA,134,2.8284271247461903,SpCndSurface
Northern Interior Bay,Jun 2019,2,0,NA,97.19999999999709,6.788225099394973,SpCndSurface
Northern Interior Bay,Jun 2020,2,0,NA,154,7.0710678118654755,SpCndSurface
Northern Interior Bay,Mar 2019,2,0,NA,116.09999999999854,12.586500705122605,SpCndSurface
Northern Interior Bay,Mar 2020,2,0,NA,194,14.142135623730951,SpCndSurface
Northern Interior Bay,May 2019,2,0,NA,117.90000000000146,12.869343417593107,SpCndSurface
Northern Interior Bay,Nov 2019,2,0,NA,134.84999999999854,3.0405591591042125,SpCndSurface
Northern Interior Bay,Nov 2020,2,0,NA,376,323.85490578343877,SpCndSurface
Northern Interior Bay,Oct 2019,2,0,NA,121.65000000000146,13.222896808186382,SpCndSurface
Northern Interior Bay,Oct 2020,2,0,NA,246.5,147.78531726798843,SpCndSurface
Northern Interior Bay,Sep 2019,2,0,NA,138.90000000000146,1.5556349186083467,SpCndSurface
Northern Interior Bay,Sep 2020,2,0,NA,246,118.79393923933999,SpCndSurface
San Pablo Bay,Apr 2019,6,0,3450,6829.166666666666,5379.556986097151,SpCndSurface
San Pablo Bay,Aug 2019,6,0,24790,27514.5,7724.120707239109,SpCndSurface
San Pablo Bay,Aug 2020,6,0,36798,35772.5,6178.97547332889,SpCndSurface
San Pablo Bay,Dec 2019,6,0,31336,32676.666666666664,4887.0011527179595,SpCndSurface
San Pablo Bay,Feb 2019,6,0,2082,4227.833333333333,4313.574360859758,SpCndSurface
San Pablo Bay,Feb 2020,6,0,27615,29731.166666666668,5429.258749283061,SpCndSurface
San Pablo Bay,Jan 2019,6,0,26163,27446.833333333332,4533.0449994089695,SpCndSurface
San Pablo Bay,Jan 2020,6,0,27453,29935.333333333332,5230.821872962858,SpCndSurface
San Pablo Bay,Jul 2019,6,0,24397,25656,8182.662354026347,SpCndSurface
San Pablo Bay,Jul 2020,6,0,34170,34335.833333333336,6471.595117640369,SpCndSurface
San Pablo Bay,Jun 2019,6,0,20143,18400.833333333332,7930.7275685567865,SpCndSurface
San Pablo Bay,Jun 2020,6,0,30310,31423,6884.370995232606,SpCndSurface
San Pablo Bay,Mar 2019,6,0,8448,8856,5890.476381414324,SpCndSurface
San Pablo Bay,Mar 2020,6,0,31725,32917.5,5233.291268408438,SpCndSurface
San Pablo Bay,May 2019,6,0,17312,17364.166666666668,8476.073015652157,SpCndSurface
San Pablo Bay,Nov 2019,6,0,32322,33183.333333333336,5536.107429111781,SpCndSurface
San Pablo Bay,Nov 2020,6,0,36891,37326.5,5114.660526369271,SpCndSurface
San Pablo Bay,Oct 2019,6,0,29519,28108.666666666668,7786.892670806928,SpCndSurface
San Pablo Bay,Oct 2020,6,0,37318,36658.666666666664,5334.393411313667,SpCndSurface
San Pablo Bay,Sep 2019,6,0,26276,27370.833333333332,8164.850970266798,SpCndSurface
San Pablo Bay,Sep 2020,6,0,35451,35520.5,5739.290435236746,SpCndSurface
Southern Interior Delta,Apr 2019,4,0,191.5,192.17499999999927,9.09885523935236,SpCndSurface
Southern Interior Delta,Aug 2019,4,0,181.8000000000029,227.72500000000218,100.70608637680844,SpCndSurface
Southern Interior Delta,Aug 2020,4,0,353,371.75,146.04422846065046,SpCndSurface
Southern Interior Delta,Dec 2019,4,0,291,442.5499999999993,247.4929830655146,SpCndSurface
Southern Interior Delta,Dec 2020,2,0,NA,712.5,112.42997820866107,SpCndSurface
Southern Interior Delta,Feb 2019,4,0,279,326.9250000000029,63.92951196435324,SpCndSurface
Southern Interior Delta,Feb 2020,4,0,378,489.25,143.37683448405,SpCndSurface
Southern Interior Delta,Jan 2019,4,0,673,686.5,258.97812005392785,SpCndSurface
Southern Interior Delta,Jan 2020,4,0,411.8000000000029,514.4500000000007,173.04530235365092,SpCndSurface
Southern Interior Delta,Jul 2019,4,0,138.60000000000582,254.27500000000146,146.80725175094798,SpCndSurface
Southern Interior Delta,Jul 2020,4,0,261,336.25,120.50276621997799,SpCndSurface
Southern Interior Delta,Jun 2019,4,0,95,125.04999999999927,48.236189733432276,SpCndSurface
Southern Interior Delta,Jun 2020,4,0,300,340.25,116.93124760587594,SpCndSurface
Southern Interior Delta,Mar 2019,4,0,194,207.25,39.618724529361266,SpCndSurface
Southern Interior Delta,Mar 2020,4,0,416,446.25,58.55125959362445,SpCndSurface
Southern Interior Delta,May 2019,4,0,165.89999999999418,167.64999999999782,40.43187686302448,SpCndSurface
Southern Interior Delta,Nov 2019,4,0,269.8000000000029,292.6749999999993,74.66062661581674,SpCndSurface
Southern Interior Delta,Nov 2020,4,0,390,423.25,98.77373132569205,SpCndSurface
Southern Interior Delta,Oct 2019,4,0,146,151.79999999999927,28.62714329675844,SpCndSurface
Southern Interior Delta,Oct 2020,4,0,513,457.75,166.8080233881652,SpCndSurface
Southern Interior Delta,Sep 2019,4,0,196.1999999999971,203.54999999999927,39.3701663699814,SpCndSurface
Southern Interior Delta,Sep 2020,4,0,477,484,192.82634674753345,SpCndSurface
Suisun & Grizzly Bays,Apr 2019,4,0,168,554.75,497.10319183579304,SpCndSurface
Suisun & Grizzly Bays,Aug 2019,4,0,9379,9305.75,1242.9500861525642,SpCndSurface
Suisun & Grizzly Bays,Aug 2020,4,0,15138,16592.75,2505.0875400539067,SpCndSurface
Suisun & Grizzly Bays,Dec 2019,4,0,14403,14712,2795.763700076719,SpCndSurface
Suisun & Grizzly Bays,Feb 2019,4,0,228,588.25,476.50979353349425,SpCndSurface
Suisun & Grizzly Bays,Feb 2020,4,0,4932,7797,3711.310370565451,SpCndSurface
Suisun & Grizzly Bays,Jan 2019,4,0,7911,9889,3880.0751710931236,SpCndSurface
Suisun & Grizzly Bays,Jan 2020,4,0,5579,9447,5040.925642511833,SpCndSurface
Suisun & Grizzly Bays,Jul 2019,4,0,3961,5163.75,2501.2947813749047,SpCndSurface
Suisun & Grizzly Bays,Jul 2020,4,0,12772,14211.75,2955.3204422983754,SpCndSurface
Suisun & Grizzly Bays,Jun 2019,4,0,787,755.5,450.00851843789206,SpCndSurface
Suisun & Grizzly Bays,Jun 2020,4,0,8962,10003.75,1992.7820377552584,SpCndSurface
Suisun & Grizzly Bays,Mar 2019,4,0,189,490,403.00372206717896,SpCndSurface
Suisun & Grizzly Bays,Mar 2020,4,0,6902,10904.5,5014.952076873052,SpCndSurface
Suisun & Grizzly Bays,May 2019,4,0,276,576.25,442.73421296906037,SpCndSurface
Suisun & Grizzly Bays,Nov 2019,4,0,9795,11742.75,3425.8416362503776,SpCndSurface
Suisun & Grizzly Bays,Nov 2020,4,0,13849,16531.25,3607.1386975459277,SpCndSurface
Suisun & Grizzly Bays,Oct 2019,4,0,7593,8394,2583.9330486682506,SpCndSurface
Suisun & Grizzly Bays,Oct 2020,4,0,14744,16930,3197.6140063074113,SpCndSurface
Suisun & Grizzly Bays,Sep 2019,4,0,7172,6666.25,1981.7225461703765,SpCndSurface
Suisun & Grizzly Bays,Sep 2020,4,0,13740,15566,2815.078447693184,SpCndSurface
Central Delta,Apr 2019,4,0,4.699999999999989,4.849999999999994,0.7325753658611915,TurbiditySurface
Central Delta,Aug 2019,4,0,3.4000000000000057,3.924999999999997,1.6700798384109252,TurbiditySurface
Central Delta,Aug 2020,4,0,3.1999999999999886,4.224999999999994,1.477328670269413,TurbiditySurface
Central Delta,Dec 2019,4,0,7.900000000000006,11.575000000000003,6.836848689271986,TurbiditySurface
Central Delta,Dec 2020,3,0,1.9000000000000057,2.4000000000000057,1.7058722109232034,TurbiditySurface
Central Delta,Feb 2019,4,0,21.30000000000001,28.275,16.646996726136518,TurbiditySurface
Central Delta,Feb 2020,4,0,7.800000000000011,10.800000000000004,5.841803374529704,TurbiditySurface
Central Delta,Jan 2019,4,0,10.699999999999989,11.049999999999997,4.431327867204897,TurbiditySurface
Central Delta,Jan 2020,4,0,4.699999999999989,4.975000000000001,0.5560275772537502,TurbiditySurface
Central Delta,Jul 2019,4,0,NA,3.325000000000003,1.456880228433345,TurbiditySurface
Central Delta,Jul 2020,4,0,2.5,3.1500000000000057,1.109053650640946,TurbiditySurface
Central Delta,Jun 2019,4,0,4.199999999999989,4.225000000000001,0.5439056290693621,TurbiditySurface
Central Delta,Jun 2020,4,0,2.9000000000000057,3.549999999999997,0.8544003745317444,TurbiditySurface
Central Delta,Mar 2019,4,0,13.599999999999994,14.725000000000001,8.307978093375064,TurbiditySurface
Central Delta,Mar 2020,4,0,3.4000000000000057,4.750000000000007,4.985646063116258,TurbiditySurface
Central Delta,May 2019,4,0,2.4000000000000057,2.7749999999999986,0.6238322424070893,TurbiditySurface
Central Delta,Nov 2019,4,0,3.4000000000000057,3.6750000000000043,0.6448514040717694,TurbiditySurface
Central Delta,Nov 2020,4,0,2,2.875,1.3768926368215255,TurbiditySurface
Central Delta,Oct 2019,4,0,2.3000000000000114,2.7250000000000014,0.7932002689527109,TurbiditySurface
Central Delta,Oct 2020,4,0,2,2.9499999999999957,1.2767145334803651,TurbiditySurface
Central Delta,Sep 2019,4,0,1.3000000000000114,2.8000000000000043,1.8938496948455739,TurbiditySurface
Central Delta,Sep 2020,4,0,3.1999999999999886,4.574999999999996,2.444551765320862,TurbiditySurface
Confluence,Apr 2019,4,0,9.400000000000006,13.350000000000001,8.27143679578504,TurbiditySurface
Confluence,Aug 2019,4,0,10.800000000000011,11.625,2.9915157807818167,TurbiditySurface
Confluence,Aug 2020,4,0,7.900000000000006,7.900000000000006,0.8286535263104022,TurbiditySurface
Confluence,Dec 2019,4,0,11.400000000000006,14.050000000000004,4.048456495999431,TurbiditySurface
Confluence,Dec 2020,1,0,NA,10.300000000000011,NA,TurbiditySurface
Confluence,Feb 2019,4,0,26.80000000000001,45.225,36.36567749953244,TurbiditySurface
Confluence,Feb 2020,4,0,22.099999999999994,23.575000000000003,11.033094156521402,TurbiditySurface
Confluence,Jan 2019,4,0,16.400000000000006,18.400000000000006,3.3075670817082474,TurbiditySurface
Confluence,Jan 2020,4,0,13.199999999999989,17.125,9.394812398339841,TurbiditySurface
Confluence,Jul 2019,4,0,10.599999999999994,14,5.238320341483521,TurbiditySurface
Confluence,Jul 2020,4,0,8.5,8.299999999999997,0.7527726527090872,TurbiditySurface
Confluence,Jun 2019,4,0,NA,6.400000000000006,1.2000000000000013,TurbiditySurface
Confluence,Jun 2020,4,0,12.199999999999989,14.424999999999997,4.900595201945717,TurbiditySurface
Confluence,Mar 2019,4,0,37.19999999999999,42.199999999999996,14.104136509076579,TurbiditySurface
Confluence,Mar 2020,4,0,10.099999999999994,12,5.669803053604827,TurbiditySurface
Confluence,May 2019,4,0,7.699999999999989,11.874999999999993,6.5946316551166655,TurbiditySurface
Confluence,Nov 2019,4,0,13.599999999999994,18.199999999999996,7.992913528036367,TurbiditySurface
Confluence,Nov 2020,4,0,10.800000000000011,14.200000000000003,7.39684617477837,TurbiditySurface
Confluence,Oct 2019,4,0,10.599999999999994,12.024999999999999,6.157042038728231,TurbiditySurface
Confluence,Oct 2020,4,0,5.900000000000006,6.800000000000004,1.4445299120013593,TurbiditySurface
Confluence,Sep 2019,4,0,13.699999999999989,17.39999999999999,11.031167964756344,TurbiditySurface
Confluence,Sep 2020,4,0,6.699999999999989,9.475000000000001,5.635822921277786,TurbiditySurface
Northern Interior Bay,Apr 2019,2,0,NA,20.060000000000002,5.430580079512691,TurbiditySurface
Northern Interior Bay,Aug 2019,2,0,NA,4.739999999999995,0.9050966799187817,TurbiditySurface
Northern Interior Bay,Aug 2020,2,0,NA,2.75,0.07071067811867084,TurbiditySurface
Northern Interior Bay,Dec 2019,2,0,NA,5.724999999999994,0.3181980515339384,TurbiditySurface
Northern Interior Bay,Dec 2020,1,0,NA,2.9000000000000057,NA,TurbiditySurface
Northern Interior Bay,Feb 2019,2,0,NA,55.955000000000005,43.352716754547224,TurbiditySurface
Northern Interior Bay,Feb 2020,2,0,NA,6.849999999999994,2.616295090390218,TurbiditySurface
Northern Interior Bay,Jan 2019,2,0,NA,55.599999999999994,7.0710678118654755,TurbiditySurface
Northern Interior Bay,Jan 2020,2,0,NA,5.75,1.7677669529663689,TurbiditySurface
Northern Interior Bay,Jul 2019,2,0,NA,4.905000000000001,1.5627059864222557,TurbiditySurface
Northern Interior Bay,Jul 2020,2,0,NA,4,1.9798989873223412,TurbiditySurface
Northern Interior Bay,Jun 2019,2,0,NA,9.225000000000009,2.5809397513309027,TurbiditySurface
Northern Interior Bay,Jun 2020,2,0,NA,3.549999999999997,0.6363961030678968,TurbiditySurface
Northern Interior Bay,Mar 2019,2,0,NA,44.30500000000001,4.518412331782029,TurbiditySurface
Northern Interior Bay,Mar 2020,2,0,NA,3,2.121320343559643,TurbiditySurface
Northern Interior Bay,May 2019,2,0,NA,6.634999999999991,6.27203714912468,TurbiditySurface
Northern Interior Bay,Nov 2019,2,0,NA,3.115000000000009,0.3040559159102203,TurbiditySurface
Northern Interior Bay,Nov 2020,2,0,NA,3.9499999999999886,2.4748737341529163,TurbiditySurface
Northern Interior Bay,Oct 2019,2,0,NA,2.9749999999999943,1.0960155108391567,TurbiditySurface
Northern Interior Bay,Oct 2020,2,0,NA,2.8999999999999915,0.28284271247462306,TurbiditySurface
Northern Interior Bay,Sep 2019,2,0,NA,4.394999999999996,2.8213560569343112,TurbiditySurface
Northern Interior Bay,Sep 2020,2,0,NA,2.3999999999999915,0.4242640687119245,TurbiditySurface
San Pablo Bay,Apr 2019,6,0,23.19999999999999,26.51666666666666,13.32987871912819,TurbiditySurface
San Pablo Bay,Aug 2019,6,0,15,15.166666666666671,5.623047809388305,TurbiditySurface
San Pablo Bay,Aug 2020,6,0,8.300000000000011,9.216666666666669,2.833666647061128,TurbiditySurface
San Pablo Bay,Dec 2019,6,0,11.099999999999994,13.666666666666666,5.426846843855712,TurbiditySurface
San Pablo Bay,Feb 2019,6,0,99.3,101.8,38.100393698753294,TurbiditySurface
San Pablo Bay,Feb 2020,6,0,9.099999999999994,10.833333333333334,3.629141312578864,TurbiditySurface
San Pablo Bay,Jan 2019,6,0,10.400000000000006,12.650000000000006,5.046087593373706,TurbiditySurface
San Pablo Bay,Jan 2020,6,0,11.800000000000011,14.316666666666672,6.131367438562679,TurbiditySurface
San Pablo Bay,Jul 2019,6,0,10.900000000000006,31.583333333333325,38.3318362026484,TurbiditySurface
San Pablo Bay,Jul 2020,6,0,10.300000000000011,11.666666666666663,2.974334659493893,TurbiditySurface
San Pablo Bay,Jun 2019,6,0,13.800000000000011,20.166666666666668,12.576273957999899,TurbiditySurface
San Pablo Bay,Jun 2020,6,0,10.300000000000011,9.433333333333337,3.7313089749666504,TurbiditySurface
San Pablo Bay,Mar 2019,6,0,27,27.950000000000003,11.67266036514384,TurbiditySurface
San Pablo Bay,Mar 2020,6,0,9.699999999999989,15.15,9.357937807017098,TurbiditySurface
San Pablo Bay,May 2019,6,0,19.599999999999994,25.149999999999995,16.270187460505795,TurbiditySurface
San Pablo Bay,Nov 2019,6,0,10.099999999999994,9.349999999999994,3.6604644514050415,TurbiditySurface
San Pablo Bay,Nov 2020,6,0,15,17.883333333333336,7.50823991802783,TurbiditySurface
San Pablo Bay,Oct 2019,6,0,5.599999999999994,5.783333333333331,2.778068873636264,TurbiditySurface
San Pablo Bay,Oct 2020,6,0,8.199999999999989,8.249999999999995,2.5897876360813834,TurbiditySurface
San Pablo Bay,Sep 2019,6,0,10.599999999999994,11.933333333333332,5.752796421451626,TurbiditySurface
San Pablo Bay,Sep 2020,6,0,8.699999999999989,12.4,5.813776741499447,TurbiditySurface
Southern Interior Delta,Apr 2019,4,0,5.340000000000003,6.655000000000008,5.172552561356917,TurbiditySurface
Southern Interior Delta,Aug 2019,4,0,4.099999999999994,7.990000000000002,5.277796257277591,TurbiditySurface
Southern Interior Delta,Aug 2020,4,0,6.5,6.649999999999999,2.8664728616658173,TurbiditySurface
Southern Interior Delta,Dec 2019,4,0,1.9000000000000057,6.115000000000002,5.006192831550397,TurbiditySurface
Southern Interior Delta,Dec 2020,2,0,NA,4.25,1.0606601717798214,TurbiditySurface
Southern Interior Delta,Feb 2019,4,0,24.400000000000006,27.497500000000002,15.593614879174096,TurbiditySurface
Southern Interior Delta,Feb 2020,4,0,1.8000000000000114,3.8499999999999943,2.5013329779672744,TurbiditySurface
Southern Interior Delta,Jan 2019,4,0,5.699999999999989,8.144999999999996,4.960923973078682,TurbiditySurface
Southern Interior Delta,Jan 2020,4,0,3.5999999999999943,4.600000000000001,2.225608531016477,TurbiditySurface
Southern Interior Delta,Jul 2019,4,0,6.099999999999994,8.780000000000001,5.568985544962383,TurbiditySurface
Southern Interior Delta,Jul 2020,4,0,4.400000000000006,5.024999999999999,2.095033810387468,TurbiditySurface
Southern Interior Delta,Jun 2019,4,0,5.199999999999989,7.285000000000004,3.8077158507430755,TurbiditySurface
Southern Interior Delta,Jun 2020,4,0,3.8000000000000114,4.725000000000001,2.4143667216615294,TurbiditySurface
Southern Interior Delta,Mar 2019,4,0,7.199999999999989,9.399999999999999,5.049759070160342,TurbiditySurface
Southern Interior Delta,Mar 2020,4,0,1.9000000000000057,3.4750000000000014,3.0836936726378394,TurbiditySurface
Southern Interior Delta,May 2019,4,0,4.5,6.825000000000003,5.263702752499115,TurbiditySurface
Southern Interior Delta,Nov 2019,4,0,3,5.965000000000003,4.510716868377647,TurbiditySurface
Southern Interior Delta,Nov 2020,4,0,2.0999999999999943,3.049999999999997,2.0371548787463363,TurbiditySurface
Southern Interior Delta,Oct 2019,4,0,6,8.502499999999998,6.839650941385824,TurbiditySurface
Southern Interior Delta,Oct 2020,4,0,3.1999999999999886,4.649999999999999,3.754552791833751,TurbiditySurface
Southern Interior Delta,Sep 2019,4,0,6.900000000000006,9.259999999999998,6.530604872444821,TurbiditySurface
Southern Interior Delta,Sep 2020,4,0,3.5,3.8249999999999957,0.8770214744615239,TurbiditySurface
Suisun & Grizzly Bays,Apr 2019,4,0,39.5,42.85000000000001,15.938736880108578,TurbiditySurface
Suisun & Grizzly Bays,Aug 2019,4,0,16.099999999999994,17.049999999999997,5.674210664635806,TurbiditySurface
Suisun & Grizzly Bays,Aug 2020,4,0,10.599999999999994,10.424999999999997,3.8595120589698033,TurbiditySurface
Suisun & Grizzly Bays,Dec 2019,4,0,17.599999999999994,19.699999999999996,6.844462481938719,TurbiditySurface
Suisun & Grizzly Bays,Feb 2019,4,0,96.4,97.75,12.284814474246922,TurbiditySurface
Suisun & Grizzly Bays,Feb 2020,4,0,28,26.75,9.349688051837166,TurbiditySurface
Suisun & Grizzly Bays,Jan 2019,4,0,14.800000000000011,29.150000000000006,21.155062435896202,TurbiditySurface
Suisun & Grizzly Bays,Jan 2020,4,0,23.400000000000006,25.25,6.023564835986515,TurbiditySurface
Suisun & Grizzly Bays,Jul 2019,4,0,27.30000000000001,28.75,7.714272486761141,TurbiditySurface
Suisun & Grizzly Bays,Jul 2020,4,0,9.599999999999994,11.024999999999999,2.879091291825724,TurbiditySurface
Suisun & Grizzly Bays,Jun 2019,4,0,16,29.6,22.09238179403328,TurbiditySurface
Suisun & Grizzly Bays,Jun 2020,4,0,15.5,16.300000000000004,3.879003308411413,TurbiditySurface
Suisun & Grizzly Bays,Mar 2019,4,0,37.099999999999994,47.87499999999999,21.490521166318885,TurbiditySurface
Suisun & Grizzly Bays,Mar 2020,4,0,18,22.1,9.944177525902619,TurbiditySurface
Suisun & Grizzly Bays,May 2019,4,0,31.69999999999999,44.925,29.90388770711928,TurbiditySurface
Suisun & Grizzly Bays,Nov 2019,4,0,14.900000000000006,15.775000000000006,1.7075811352124155,TurbiditySurface
Suisun & Grizzly Bays,Nov 2020,4,0,19.80000000000001,28.125,11.363501514351404,TurbiditySurface
Suisun & Grizzly Bays,Oct 2019,4,0,14.400000000000006,14.600000000000001,0.5597618541248841,TurbiditySurface
Suisun & Grizzly Bays,Oct 2020,4,0,8.900000000000006,9.075000000000003,2.7427176303804903,TurbiditySurface
Suisun & Grizzly Bays,Sep 2019,4,0,25,27.725,7.73536252113198,TurbiditySurface
Suisun & Grizzly Bays,Sep 2020,4,0,12.099999999999994,13.274999999999999,3.4528973341239118,TurbiditySurface
Central Delta,Apr 2019,4,0,1,1.1900000000000013,0.39268307832143895,Chla
Central Delta,Aug 2019,4,0,1.0900000000000034,1.6125000000000007,0.7634297610127581,Chla
Central Delta,Aug 2020,4,0,3.8699999999999974,4.747499999999999,2.0036030045894853,Chla
Central Delta,Dec 2019,4,0,0.8200000000000003,1.192499999999999,0.5910090241837829,Chla
Central Delta,Dec 2020,3,0,1.5700000000000003,1.4499999999999982,0.3555277766926239,Chla
Central Delta,Feb 2019,4,0,0.8900000000000006,1.522499999999999,1.3571876559022078,Chla
Central Delta,Feb 2020,4,0,1.509999999999998,1.8024999999999984,0.5252539068552144,Chla
Central Delta,Jan 2019,4,0,0.9500000000000028,1.1000000000000014,0.2574231276841059,Chla
Central Delta,Jan 2020,4,0,1.2199999999999989,1.3499999999999996,0.30517754395324337,Chla
Central Delta,Jul 2019,4,0,1.3400000000000034,1.2975000000000012,0.3498928407384172,Chla
Central Delta,Jul 2020,4,0,2.979999999999997,2.960000000000001,0.36009258068817024,Chla
Central Delta,Jun 2019,4,2,NA,0.5150000000000006,0.03674234614174906,Chla
Central Delta,Jun 2020,4,0,1.509999999999998,1.5999999999999996,0.2920045661743462,Chla
Central Delta,Mar 2019,4,0,0.8500000000000014,1.0424999999999986,0.3102015473849214,Chla
Central Delta,Mar 2020,4,0,2.299999999999997,2.772499999999999,0.7661755673473262,Chla
Central Delta,May 2019,4,0,1.2000000000000028,1.2725000000000009,0.12763881332363664,Chla
Central Delta,Nov 2019,4,0,1.3200000000000003,1.4450000000000003,0.27525745524266343,Chla
Central Delta,Nov 2020,4,0,1.6400000000000006,1.6399999999999988,0.04546060565661933,Chla
Central Delta,Oct 2019,4,0,1.1099999999999994,1.2325,0.20822663934601143,Chla
Central Delta,Oct 2020,4,0,2.1300000000000026,2.370000000000001,0.9400354603240607,Chla
Central Delta,Sep 2019,4,1,0.7199999999999989,1.0574999999999992,0.4859301647356331,Chla
Central Delta,Sep 2020,4,0,5.039999999999999,5.3325,2.470672985241066,Chla
Confluence,Apr 2019,4,0,2.0700000000000003,2.057500000000001,0.5354982103922769,Chla
Confluence,Aug 2019,4,1,2.270000000000003,2.9375000000000018,0.8765004991441798,Chla
Confluence,Aug 2020,4,0,3.5600000000000023,3.7174999999999994,1.3039523253043648,Chla
Confluence,Dec 2019,4,0,0.8400000000000034,0.83250000000000135,0.11441882129556527,Chla
Confluence,Dec 2020,1,0,NA,1.6499999999999986,NA,Chla
Confluence,Feb 2019,4,0,1.1199999999999974,1.4074999999999989,0.3690867106792106,Chla
Confluence,Feb 2020,4,0,2.460000000000001,2.392500000000002,0.7297202660380656,Chla
Confluence,Jan 2019,4,0,1.1099999999999994,1.307500000000001,0.300485717907969,Chla
Confluence,Jan 2020,4,0,1.3400000000000034,1.4024999999999999,0.2302715787933879,Chla
Confluence,Jul 2019,4,0,2.789999999999999,2.955,1.0589460168803058,Chla
Confluence,Jul 2020,4,0,2.1199999999999974,2.357499999999998,0.46197943677181064,Chla
Confluence,Jun 2019,4,0,1.3999999999999986,1.5074999999999985,0.6146747107210447,Chla
Confluence,Jun 2020,4,0,1.7000000000000028,2.410000000000002,1.1148393008262065,Chla
Confluence,Mar 2019,4,0,1.5,2,1.0295630140987018,Chla
Confluence,Mar 2020,4,0,4.140000000000001,4.445,0.4820442579957431,Chla
Confluence,May 2019,4,0,1.9299999999999997,2.5500000000000007,1.1023308638214433,Chla
Confluence,Nov 2019,4,0,2,1.942499999999999,0.35084421994193843,Chla
Confluence,Nov 2020,4,0,1.2199999999999989,1.3424999999999994,0.3319010896838576,Chla
Confluence,Oct 2019,4,0,1.6000000000000014,1.7575000000000003,0.395337408635542,Chla
Confluence,Oct 2020,3,0,2.780000000000001,2.7433333333333323,0.8955631375471707,Chla
Confluence,Sep 2019,4,0,1.990000000000002,2.290000000000001,0.5292132525425509,Chla
Confluence,Sep 2020,4,0,1.2899999999999991,2.1899999999999995,1.421196678859051,Chla
Northern Interior Bay,Apr 2019,2,0,NA,3.2600000000000016,0.18384776310850096,Chla
Northern Interior Bay,Aug 2019,2,0,NA,1.9050000000000011,0.5303300858899107,Chla
Northern Interior Bay,Aug 2020,2,0,NA,1.8349999999999973,0.6010407640085664,Chla
Northern Interior Bay,Dec 2019,2,0,NA,1.0699999999999967,0.48083261120685217,Chla
Northern Interior Bay,Dec 2020,1,0,NA,0.740000000000002,NA,Chla
Northern Interior Bay,Feb 2019,2,0,NA,1.7300000000000004,0.21213203435596728,Chla
Northern Interior Bay,Feb 2020,2,0,NA,1.2250000000000014,0.4737615433949881,Chla
Northern Interior Bay,Jan 2019,2,0,NA,1.9649999999999999,1.2657211383239195,Chla
Northern Interior Bay,Jan 2020,2,0,NA,1.7749999999999986,1.0960155108391467,Chla
Northern Interior Bay,Jul 2019,2,0,NA,0.8900000000000006,0.39597979746446826,Chla
Northern Interior Bay,Jul 2020,2,0,NA,1.7800000000000011,1.0040916292848987,Chla
Northern Interior Bay,Jun 2019,2,0,NA,0.9750000000000014,0.06363961030679169,Chla
Northern Interior Bay,Jun 2020,2,0,NA,1.3500000000000014,0.565685424949236,Chla
Northern Interior Bay,Mar 2019,2,0,NA,2.039999999999999,0.4384062043356627,Chla
Northern Interior Bay,Mar 2020,2,0,NA,1.2250000000000014,0.7283199846221448,Chla
Northern Interior Bay,May 2019,2,0,NA,1.004999999999999,0.16263455967290374,Chla
Northern Interior Bay,Nov 2019,2,1,NA,1.2199999999999989,NA,Chla
Northern Interior Bay,Nov 2020,2,0,NA,1.2100000000000009,0.9616652224137043,Chla
Northern Interior Bay,Oct 2019,2,0,NA,1.0249999999999986,0.021213203435597232,Chla
Northern Interior Bay,Oct 2020,2,0,NA,1.740000000000002,1.4707821048680176,Chla
Northern Interior Bay,Sep 2019,2,0,NA,1.2899999999999991,0.3676955262170019,Chla
Northern Interior Bay,Sep 2020,2,0,NA,0.995000000000001,0.26162950903902077,Chla
San Pablo Bay,Apr 2019,6,0,2.200000000000003,2.6083333333333343,0.9351666518148868,Chla
San Pablo Bay,Aug 2019,6,0,2.3200000000000003,2.301666666666666,0.8272222595328697,Chla
San Pablo Bay,Aug 2020,4,0,1.6000000000000014,2.754999999999999,2.2924586510265934,Chla
San Pablo Bay,Dec 2019,6,0,1.0200000000000031,1.2333333333333354,0.40346829697841946,Chla
San Pablo Bay,Feb 2019,6,0,1.5799999999999983,1.581666666666667,0.13029453813059957,Chla
San Pablo Bay,Feb 2020,6,0,1.759999999999998,1.7466666666666661,0.12925427136720438,Chla
San Pablo Bay,Jan 2019,6,0,1.1199999999999974,1.4433333333333325,0.8583161810583945,Chla
San Pablo Bay,Jan 2020,6,0,0.8800000000000026,1.1650000000000016,0.3885228436012481,Chla
San Pablo Bay,Jul 2019,6,0,1.7999999999999972,2.025,0.5800258614924013,Chla
San Pablo Bay,Jul 2020,6,0,1.990000000000002,2.3566666666666665,0.6752086097397344,Chla
San Pablo Bay,Jun 2019,6,0,2.5799999999999983,2.6733333333333333,0.651019712963185,Chla
San Pablo Bay,Jun 2020,6,0,2.270000000000003,2.9533333333333345,1.30723627040664,Chla
San Pablo Bay,Mar 2019,6,0,1.6899999999999977,2.0916666666666663,0.9618818361247218,Chla
San Pablo Bay,Mar 2020,6,0,1.5700000000000003,1.4816666666666667,0.5564320863022415,Chla
San Pablo Bay,May 2019,6,0,1.6799999999999997,1.6316666666666653,0.31593775758314735,Chla
San Pablo Bay,Nov 2019,6,0,0.7000000000000028,1.0366666666666664,0.5831866482239341,Chla
San Pablo Bay,Nov 2020,5,0,1.3299999999999983,1.6180000000000005,0.5004198237480212,Chla
San Pablo Bay,Oct 2019,6,0,1.6899999999999977,1.663333333333334,0.8005164999340544,Chla
San Pablo Bay,Oct 2020,6,0,1.4600000000000009,1.7233333333333352,0.5679671351994453,Chla
San Pablo Bay,Sep 2019,6,0,1.1700000000000017,1.7666666666666657,0.8613632605739954,Chla
San Pablo Bay,Sep 2020,6,0,1.4099999999999966,2.5533333333333332,3.156331203575864,Chla
Southern Interior Delta,Apr 2019,4,0,1.5900000000000034,2.285,1.3607473436804232,Chla
Southern Interior Delta,Aug 2019,4,0,3.1199999999999974,7.274999999999999,7.9606720821799986,Chla
Southern Interior Delta,Aug 2020,4,0,9.899999999999999,12.2375,7.155191006069182,Chla
Southern Interior Delta,Dec 2019,4,0,1.3100000000000023,2.097500000000002,1.7859147982663302,Chla
Southern Interior Delta,Dec 2020,1,0,NA,2.3500000000000014,NA,Chla
Southern Interior Delta,Feb 2019,4,0,1.009999999999998,2.7224999999999984,2.8478924956301745,Chla
Southern Interior Delta,Feb 2020,4,0,1.4600000000000009,2.8100000000000005,2.770282777383325,Chla
Southern Interior Delta,Jan 2019,4,0,0.8400000000000034,2.5975,3.0590017434886594,Chla
Southern Interior Delta,Jan 2020,3,0,1.0300000000000011,2.056666666666667,2.124954901482225,Chla
Southern Interior Delta,Jul 2019,4,0,4.060000000000002,11.92,17.50698146454722,Chla
Southern Interior Delta,Jul 2020,4,0,6.399999999999999,12.365,13.546870487311818,Chla
Southern Interior Delta,Jun 2019,4,0,2.490000000000002,2.4400000000000013,0.8481745103456002,Chla
Southern Interior Delta,Jun 2020,4,0,4.399999999999999,5.452500000000002,4.013729562389574,Chla
Southern Interior Delta,Mar 2019,4,0,1.2899999999999991,2.0625,0.9320363011528411,Chla
Southern Interior Delta,Mar 2020,4,0,0.9799999999999969,2.977499999999999,3.7747085980244908,Chla
Southern Interior Delta,May 2019,4,0,1.0399999999999991,1.2274999999999991,0.29101832702884245,Chla
Southern Interior Delta,Nov 2019,4,0,1.9500000000000028,2.137500000000001,0.7519474715696587,Chla
Southern Interior Delta,Nov 2020,4,0,1.3500000000000014,1.8100000000000005,0.7144695001654507,Chla
Southern Interior Delta,Oct 2019,4,0,2.1599999999999966,2.280000000000001,0.7922541679705238,Chla
Southern Interior Delta,Oct 2020,4,0,2.6700000000000017,4.585000000000001,4.411035403772374,Chla
Southern Interior Delta,Sep 2019,4,0,3.700000000000003,6.045,3.5547761298474656,Chla
Southern Interior Delta,Sep 2020,4,0,4.399999999999999,5.6675,3.2972147336805344,Chla
Suisun & Grizzly Bays,Apr 2019,4,0,2.8100000000000023,3.3725000000000005,1.4377847544051947,Chla
Suisun & Grizzly Bays,Aug 2019,4,0,3.289999999999999,6.195,4.4920856329029775,Chla
Suisun & Grizzly Bays,Aug 2020,3,0,1.3800000000000026,4.096666666666667,4.844629328785982,Chla
Suisun & Grizzly Bays,Dec 2019,4,0,0.7899999999999991,1.2649999999999988,0.8304817878797824,Chla
Suisun & Grizzly Bays,Feb 2019,4,0,1.5700000000000003,1.6325000000000003,0.21654483754333004,Chla
Suisun & Grizzly Bays,Feb 2020,4,0,2.1499999999999986,2.727499999999999,0.8743140168154695,Chla
Suisun & Grizzly Bays,Jan 2019,4,0,0.8800000000000026,1.040000000000001,0.34302575219167575,Chla
Suisun & Grizzly Bays,Jan 2020,4,0,1.2800000000000011,1.3800000000000008,0.6424432530063107,Chla
Suisun & Grizzly Bays,Jul 2019,4,0,4.310000000000002,4.8725000000000005,2.4442636928122132,Chla
Suisun & Grizzly Bays,Jul 2020,4,0,2.789999999999999,3.1174999999999997,0.7158852328876939,Chla
Suisun & Grizzly Bays,Jun 2019,4,0,4.200000000000003,4.879999999999999,2.144030472420264,Chla
Suisun & Grizzly Bays,Jun 2020,4,0,2.539999999999999,3.142500000000002,1.3825670568426944,Chla
Suisun & Grizzly Bays,Mar 2019,4,0,2.4099999999999966,2.5775000000000006,0.7589191876170565,Chla
Suisun & Grizzly Bays,Mar 2020,4,0,1.8900000000000006,3.7225,2.1439119229421086,Chla
Suisun & Grizzly Bays,May 2019,4,0,1.5900000000000034,2.192500000000001,1.123725203656716,Chla
Suisun & Grizzly Bays,Nov 2019,4,1,1.0499999999999972,3.4399999999999977,4.853228307013796,Chla
Suisun & Grizzly Bays,Nov 2020,4,0,0.9200000000000017,1.1925000000000008,0.5403316882557703,Chla
Suisun & Grizzly Bays,Oct 2019,4,0,1.1000000000000014,1.7875000000000014,0.9990453776814474,Chla
Suisun & Grizzly Bays,Oct 2020,4,0,2.8599999999999994,3.51,2.3582196674610274,Chla
Suisun & Grizzly Bays,Sep 2019,4,0,2.0799999999999983,2.0275,0.40778875250142416,Chla
Suisun & Grizzly Bays,Sep 2020,3,0,1.8299999999999983,1.5899999999999987,0.4507771067833843,Chla
Central Delta,Apr 2019,4,2,NA,0.05250000000000005,0.006123724356957951,DissAmmonia
Central Delta,Aug 2019,4,3,NA,0.08299999999999996,NA,DissAmmonia
Central Delta,Aug 2020,4,3,NA,0.07000000000000006,NA,DissAmmonia
Central Delta,Dec 2019,4,1,0.13,0.15375,0.06133285212673546,DissAmmonia
Central Delta,Dec 2020,3,2,NA,0.07000000000000006,NA,DissAmmonia
Central Delta,Feb 2019,4,0,0.08000000000000007,0.09525000000000003,0.02401908963026419,DissAmmonia
Central Delta,Feb 2020,4,1,0.10000000000000009,0.11500000000000005,0.020310096011589857,DissAmmonia
Central Delta,Jan 2019,4,0,0.15000000000000002,0.14575000000000002,0.017670597047072308,DissAmmonia
Central Delta,Jan 2020,4,3,NA,0.14,NA,DissAmmonia
Central Delta,Jul 2019,4,3,NA,0.07600000000000007,NA,DissAmmonia
Central Delta,Jul 2020,4,3,NA,0.06000000000000005,NA,DissAmmonia
Central Delta,Jun 2019,4,4,NA,NA,NA,DissAmmonia
Central Delta,Jun 2020,4,4,NA,NA,NA,DissAmmonia
Central Delta,Mar 2019,4,1,NA,0.06000000000000005,NA,DissAmmonia
Central Delta,Mar 2020,4,2,NA,0.11249999999999999,0.006123724356957951,DissAmmonia
Central Delta,May 2019,4,3,NA,0.06000000000000005,NA,DissAmmonia
Central Delta,Nov 2019,4,4,NA,NA,NA,DissAmmonia
Central Delta,Nov 2020,4,4,NA,NA,NA,DissAmmonia
Central Delta,Oct 2019,4,4,NA,NA,NA,DissAmmonia
Central Delta,Oct 2020,4,4,NA,NA,NA,DissAmmonia
Central Delta,Sep 2019,4,3,NA,0.06800000000000006,NA,DissAmmonia
Central Delta,Sep 2020,4,3,NA,0.08000000000000007,NA,DissAmmonia
Confluence,Apr 2019,4,2,NA,0.05250000000000005,0.006123724356957951,DissAmmonia
Confluence,Aug 2019,4,3,NA,0.09499999999999997,NA,DissAmmonia
Confluence,Aug 2020,4,4,NA,NA,NA,DissAmmonia
Confluence,Dec 2019,4,0,0.22999999999999998,0.26249999999999996,0.080156097709407,DissAmmonia
Confluence,Dec 2020,1,0,NA,0.13,NA,DissAmmonia
Confluence,Feb 2019,4,0,NA,0.10250000000000004,0.02362907813126301,DissAmmonia
Confluence,Feb 2020,4,0,0.14,0.1575,0.030956959368344493,DissAmmonia
Confluence,Jan 2019,4,0,0.245,0.24075,0.01815443012967727,DissAmmonia
Confluence,Jan 2020,4,0,0.15000000000000002,0.1575,0.017078251276599295,DissAmmonia
Confluence,Jul 2019,4,3,NA,0.08299999999999996,NA,DissAmmonia
Confluence,Jul 2020,4,4,NA,NA,NA,DissAmmonia
Confluence,Jun 2019,4,3,NA,0.07000000000000006,NA,DissAmmonia
Confluence,Jun 2020,4,1,0.050000000000000044,0.05750000000000005,0.015909902576697336,DissAmmonia
Confluence,Mar 2019,4,1,NA,0.05500000000000005,0.006123724356957951,DissAmmonia
Confluence,Mar 2020,4,0,0.14,0.1575,0.030956959368344493,DissAmmonia
Confluence,May 2019,4,1,0.07000000000000006,0.08300000000000005,0.021106870919205392,DissAmmonia
Confluence,Nov 2019,4,1,0.14,0.1366666666666667,0.029059326290271182,DissAmmonia
Confluence,Nov 2020,4,0,0.07000000000000006,0.07750000000000007,0.017078251276599347,DissAmmonia
Confluence,Oct 2019,4,2,0.12,0.145,0.061237243569579436,DissAmmonia
Confluence,Oct 2020,4,4,NA,NA,NA,DissAmmonia
Confluence,Sep 2019,4,3,NA,0.09800000000000009,NA,DissAmmonia
Confluence,Sep 2020,4,1,0.06000000000000005,0.06250000000000006,0.005303300858899111,DissAmmonia
Northern Interior Bay,Apr 2019,2,0,NA,0.07600000000000007,0.01979898987322335,DissAmmonia
Northern Interior Bay,Aug 2019,2,0,NA,0.23099999999999998,0.14990663761154807,DissAmmonia
Northern Interior Bay,Aug 2020,2,0,NA,0.35500000000000004,0.3606244584051392,DissAmmonia
Northern Interior Bay,Dec 2019,2,0,NA,0.47500000000000003,0.2192031021678297,DissAmmonia
Northern Interior Bay,Dec 2020,1,0,NA,0.45999999999999996,NA,DissAmmonia
Northern Interior Bay,Feb 2019,2,0,NA,0.13,0.014142135623730965,DissAmmonia
Northern Interior Bay,Feb 2020,2,0,NA,0.29500000000000004,0.03535533905932741,DissAmmonia
Northern Interior Bay,Jan 2019,2,0,NA,0.21999999999999997,0.014142135623730965,DissAmmonia
Northern Interior Bay,Jan 2020,2,0,NA,0.235,0.0777817459305203,DissAmmonia
Northern Interior Bay,Jul 2019,2,0,NA,0.195,0.08202438661763951,DissAmmonia
Northern Interior Bay,Jul 2020,2,0,NA,0.29000000000000004,0.268700576850888,DissAmmonia
Northern Interior Bay,Jun 2019,2,0,NA,0.08700000000000002,0.024041630560342562,DissAmmonia
Northern Interior Bay,Jun 2020,2,0,NA,0.425,0.3889087296526011,DissAmmonia
Northern Interior Bay,Mar 2019,2,0,NA,0.07500000000000007,0.021213203435596448,DissAmmonia
Northern Interior Bay,Mar 2020,2,0,NA,0.5,0.28284271247461895,DissAmmonia
Northern Interior Bay,May 2019,2,0,NA,0.14500000000000002,0.03535533905932741,DissAmmonia
Northern Interior Bay,Nov 2019,2,0,NA,0.53,0.3111269837220809,DissAmmonia
Northern Interior Bay,Nov 2020,2,0,NA,0.19000000000000006,0.12727922061357852,DissAmmonia
Northern Interior Bay,Oct 2019,2,0,NA,0.24500000000000005,0.13435028842544408,DissAmmonia
Northern Interior Bay,Oct 2020,2,0,NA,0.261,0.28142849891224586,DissAmmonia
Northern Interior Bay,Sep 2019,2,0,NA,0.16749999999999998,0.053033008588991036,DissAmmonia
Northern Interior Bay,Sep 2020,2,0,NA,0.256,0.20364675298172571,DissAmmonia
San Pablo Bay,Apr 2019,6,0,NA,0.0633333333333334,0.008164965809277266,DissAmmonia
San Pablo Bay,Aug 2019,6,3,NA,0.05649999999999996,0.006547900426854418,DissAmmonia
San Pablo Bay,Aug 2020,6,1,NA,0.06550000000000004,0.005153882032022091,DissAmmonia
San Pablo Bay,Dec 2019,6,0,0.27,0.255,0.032710854467592275,DissAmmonia
San Pablo Bay,Feb 2019,6,0,0.10399999999999998,0.10350000000000002,0.009544631999191961,DissAmmonia
San Pablo Bay,Feb 2020,6,0,0.15000000000000002,0.1466666666666667,0.028751811537130394,DissAmmonia
San Pablo Bay,Jan 2019,6,0,0.18700000000000006,0.18783333333333332,0.026384970469315774,DissAmmonia
San Pablo Bay,Jan 2020,6,0,0.16000000000000003,0.17833333333333332,0.03488074922742723,DissAmmonia
San Pablo Bay,Jul 2019,6,0,0.08299999999999996,0.08183333333333331,0.004215052391924303,DissAmmonia
San Pablo Bay,Jul 2020,6,3,NA,0.05883333333333329,0.007085783889827155,DissAmmonia
San Pablo Bay,Jun 2019,6,1,0.06000000000000005,0.06000000000000001,0.00559016994374952,DissAmmonia
San Pablo Bay,Jun 2020,6,2,NA,0.06500000000000006,0.005773502691896262,DissAmmonia
San Pablo Bay,Mar 2019,6,0,NA,0.07966666666666673,0.015513435037626805,DissAmmonia
San Pablo Bay,Mar 2020,6,1,0.15000000000000002,0.15666666666666668,0.038005847503304595,DissAmmonia
San Pablo Bay,May 2019,6,0,NA,0.08333333333333341,0.008164965809277266,DissAmmonia
San Pablo Bay,Nov 2019,6,1,0.15000000000000002,0.14600000000000002,0.028565713714171423,DissAmmonia
San Pablo Bay,Nov 2020,6,0,0.10000000000000009,0.09783333333333337,0.021169947252335456,DissAmmonia
San Pablo Bay,Oct 2019,6,6,NA,NA,NA,DissAmmonia
San Pablo Bay,Oct 2020,6,3,NA,0.05500000000000005,0.009354143466934863,DissAmmonia
San Pablo Bay,Sep 2019,6,1,0.07699999999999996,0.07266666666666666,0.0160294867180595,DissAmmonia
San Pablo Bay,Sep 2020,6,1,0.09000000000000008,0.09066666666666674,0.009279607271383376,DissAmmonia
Southern Interior Delta,Apr 2019,4,4,NA,NA,NA,DissAmmonia
Southern Interior Delta,Aug 2019,4,4,NA,NA,NA,DissAmmonia
Southern Interior Delta,Aug 2020,4,4,NA,NA,NA,DissAmmonia
Southern Interior Delta,Dec 2019,4,2,0.16000000000000003,0.17750000000000002,0.04286607049870558,DissAmmonia
Southern Interior Delta,Dec 2020,2,2,NA,NA,NA,DissAmmonia
Southern Interior Delta,Feb 2019,4,0,0.09000000000000008,0.119,0.06401562309311687,DissAmmonia
Southern Interior Delta,Feb 2020,4,4,NA,NA,NA,DissAmmonia
Southern Interior Delta,Jan 2019,4,0,0.10599999999999998,0.1665,0.08435441106822253,DissAmmonia
Southern Interior Delta,Jan 2020,4,3,NA,0.15000000000000002,NA,DissAmmonia
Southern Interior Delta,Jul 2019,4,3,NA,0.05699999999999994,NA,DissAmmonia
Southern Interior Delta,Jul 2020,4,4,NA,NA,NA,DissAmmonia
Southern Interior Delta,Jun 2019,4,4,NA,NA,NA,DissAmmonia
Southern Interior Delta,Jun 2020,4,4,NA,NA,NA,DissAmmonia
Southern Interior Delta,Mar 2019,4,4,NA,NA,NA,DissAmmonia
Southern Interior Delta,Mar 2020,4,2,NA,0.145,0.08573214099741124,DissAmmonia
Southern Interior Delta,May 2019,4,4,NA,NA,NA,DissAmmonia
Southern Interior Delta,Nov 2019,4,2,0.13,0.14,0.020000000000000018,DissAmmonia
Southern Interior Delta,Nov 2020,4,4,NA,NA,NA,DissAmmonia
Southern Interior Delta,Oct 2019,4,4,NA,NA,NA,DissAmmonia
Southern Interior Delta,Oct 2020,4,3,NA,0.050000000000000044,NA,DissAmmonia
Southern Interior Delta,Sep 2019,4,4,NA,NA,NA,DissAmmonia
Southern Interior Delta,Sep 2020,4,3,NA,0.062000000000000055,NA,DissAmmonia
Suisun & Grizzly Bays,Apr 2019,4,1,0.050000000000000044,0.06575000000000003,0.025075510961892707,DissAmmonia
Suisun & Grizzly Bays,Aug 2019,4,3,NA,0.07000000000000006,NA,DissAmmonia
Suisun & Grizzly Bays,Aug 2020,4,3,NA,0.07000000000000006,NA,DissAmmonia
Suisun & Grizzly Bays,Dec 2019,4,0,0.21999999999999997,0.22999999999999998,0.04163331998932269,DissAmmonia
Suisun & Grizzly Bays,Feb 2019,4,0,0.08000000000000007,0.09225000000000005,0.025824729750118687,DissAmmonia
Suisun & Grizzly Bays,Feb 2020,4,0,0.14,0.14750000000000002,0.017078251276599347,DissAmmonia
Suisun & Grizzly Bays,Jan 2019,4,0,0.21899999999999997,0.21899999999999997,0.0037416573867739447,DissAmmonia
Suisun & Grizzly Bays,Jan 2020,4,0,NA,0.17999999999999997,0.04242640687119284,DissAmmonia
Suisun & Grizzly Bays,Jul 2019,4,2,NA,0.051499999999999935,0.00122474487139159,DissAmmonia
Suisun & Grizzly Bays,Jul 2020,4,3,NA,0.07000000000000006,NA,DissAmmonia
Suisun & Grizzly Bays,Jun 2019,4,3,NA,0.06299999999999994,NA,DissAmmonia
Suisun & Grizzly Bays,Jun 2020,4,2,NA,0.09000000000000005,0.048989794855663536,DissAmmonia
Suisun & Grizzly Bays,Mar 2019,4,0,0.06000000000000005,0.07250000000000004,0.026299556396765802,DissAmmonia
Suisun & Grizzly Bays,Mar 2020,4,0,0.14,0.185,0.06608075867199668,DissAmmonia
Suisun & Grizzly Bays,May 2019,4,2,NA,0.07500000000000007,0.012247448713915901,DissAmmonia
Suisun & Grizzly Bays,Nov 2019,4,3,0.14,0.14,NA,DissAmmonia
Suisun & Grizzly Bays,Nov 2020,4,0,0.123,0.13575000000000004,0.034101563991504345,DissAmmonia
Suisun & Grizzly Bays,Oct 2019,4,1,0.12,0.1166666666666667,0.01763834207376388,DissAmmonia
Suisun & Grizzly Bays,Oct 2020,4,0,0.06000000000000005,0.07400000000000004,0.024711670657134158,DissAmmonia
Suisun & Grizzly Bays,Sep 2019,4,2,NA,0.05699999999999994,0.014696938456699081,DissAmmonia
Suisun & Grizzly Bays,Sep 2020,4,0,0.07000000000000006,0.07500000000000007,0.017320508075688787,DissAmmonia
Central Delta,Apr 2019,4,0,0.1999999999999993,0.24249999999999972,0.0758836829188823,DissNitrateNitrite
Central Delta,Aug 2019,4,0,0.17099999999999937,0.16074999999999928,0.07064642005555984,DissNitrateNitrite
Central Delta,Aug 2020,4,3,0.10900000000000176,0.10900000000000176,NA,DissNitrateNitrite
Central Delta,Dec 2019,4,0,0.379999999999999,0.3849999999999989,0.009999999999999787,DissNitrateNitrite
Central Delta,Dec 2020,3,0,NA,0.32999999999999946,0.01732050807568943,DissNitrateNitrite
Central Delta,Feb 2019,4,0,0.5899999999999999,0.7175000000000002,0.20320351046836507,DissNitrateNitrite
Central Delta,Feb 2020,4,0,0.5,0.5049999999999999,0.01732050807568977,DissNitrateNitrite
Central Delta,Jan 2019,4,0,0.6700000000000017,0.6650000000000009,0.0574456264653806,DissNitrateNitrite
Central Delta,Jan 2020,4,0,0.5300000000000011,0.5499999999999998,0.051639777949432496,DissNitrateNitrite
Central Delta,Jul 2019,4,0,0.1750000000000007,0.15674999999999972,0.07228819636242984,DissNitrateNitrite
Central Delta,Jul 2020,4,1,0.21000000000000085,0.1966666666666678,0.026666666666666092,DissNitrateNitrite
Central Delta,Jun 2019,4,0,0.14000000000000057,0.14125000000000032,0.015478479684171856,DissNitrateNitrite
Central Delta,Jun 2020,4,0,0.28999999999999915,0.6475,0.8687682851792731,DissNitrateNitrite
Central Delta,Mar 2019,4,0,0.3769999999999989,0.5667499999999999,0.3424454944464392,DissNitrateNitrite
Central Delta,Mar 2020,4,0,0.46999999999999886,0.46249999999999947,0.022173557826083445,DissNitrateNitrite
Central Delta,May 2019,4,0,0.14000000000000057,0.14250000000000096,0.0372871738448133,DissNitrateNitrite
Central Delta,Nov 2019,4,0,0.3500000000000014,0.3200000000000003,0.06683312551921228,DissNitrateNitrite
Central Delta,Nov 2020,4,0,0.26000000000000156,0.2549999999999999,0.07047458170621926,DissNitrateNitrite
Central Delta,Oct 2019,2,0,NA,0.16999999999999993,0.07071067811865325,DissNitrateNitrite
Central Delta,Oct 2020,4,0,0.1999999999999993,0.1999999999999993,0.07874007874011778,DissNitrateNitrite
Central Delta,Sep 2019,4,0,0.18499999999999872,0.16525000000000034,0.06991602105383239,DissNitrateNitrite
Central Delta,Sep 2020,4,1,0.1819999999999986,0.18499999999999872,0.03189566323708167,DissNitrateNitrite
Confluence,Apr 2019,4,0,0.16100000000000136,0.17774999999999963,0.029545163168726015,DissNitrateNitrite
Confluence,Aug 2019,4,0,0.2029999999999994,0.2087500000000002,0.014795832746644299,DissNitrateNitrite
Confluence,Aug 2020,4,0,0.15700000000000003,0.1719999999999997,0.04032369030731211,DissNitrateNitrite
Confluence,Dec 2019,4,3,0.28999999999999915,0.28999999999999915,NA,DissNitrateNitrite
Confluence,Dec 2020,1,0,NA,0.33999999999999986,NA,DissNitrateNitrite
Confluence,Feb 2019,4,0,0.39000000000000057,0.4217500000000003,0.0473875862788282,DissNitrateNitrite
Confluence,Feb 2020,4,0,0.46000000000000085,0.4524999999999997,0.035939764421413715,DissNitrateNitrite
Confluence,Jan 2019,4,0,0.5399999999999991,1.915,2.7705174005349016,DissNitrateNitrite
Confluence,Jan 2020,4,0,0.48999999999999844,0.46749999999999936,0.05909032633745326,DissNitrateNitrite
Confluence,Jul 2019,4,0,0.22299999999999898,0.22974999999999923,0.03364892271678213,DissNitrateNitrite
Confluence,Jul 2020,4,0,0.254999999999999,0.26149999999999984,0.032848135411313956,DissNitrateNitrite
Confluence,Jun 2019,4,0,0.14000000000000057,0.15000000000000036,0.014142135623731487,DissNitrateNitrite
Confluence,Jun 2020,4,0,0.370000000000001,0.3650000000000002,0.041231056256177304,DissNitrateNitrite
Confluence,Mar 2019,4,0,0.2699999999999996,0.2785000000000002,0.0477039481245175,DissNitrateNitrite
Confluence,Mar 2020,4,0,NA,0.3232499999999998,0.2094490789348718,DissNitrateNitrite
Confluence,May 2019,4,0,0.1509999999999998,0.1509999999999998,8.16496580928724e-4,DissNitrateNitrite
Confluence,Nov 2019,4,1,0.3099999999999987,0.442499999999999,0.27404949370506,DissNitrateNitrite
Confluence,Nov 2020,4,0,0.28000000000000114,0.2925000000000004,0.02217355782608358,DissNitrateNitrite
Confluence,Oct 2019,4,1,0.23000000000000043,0.22333333333333272,0.024037008503093076,DissNitrateNitrite
Confluence,Oct 2020,4,0,0.26000000000000156,0.26500000000000057,0.026457513110645564,DissNitrateNitrite
Confluence,Sep 2019,4,0,0.21199999999999974,0.21999999999999975,0.012247448713916259,DissNitrateNitrite
Confluence,Sep 2020,4,0,0.21399999999999864,0.2184999999999997,0.035716476123304676,DissNitrateNitrite
Northern Interior Bay,Apr 2019,2,0,NA,0.1274999999999995,0.03181980515339333,DissNitrateNitrite
Northern Interior Bay,Aug 2019,2,0,NA,0.14200000000000124,0.07212489168102808,DissNitrateNitrite
Northern Interior Bay,Aug 2020,2,0,NA,0.13000000000000078,0.08485281374238642,DissNitrateNitrite
Northern Interior Bay,Dec 2019,2,0,NA,0.20999999999999908,0.11313708498984772,DissNitrateNitrite
Northern Interior Bay,Dec 2020,1,0,NA,0.19200000000000017,NA,DissNitrateNitrite
Northern Interior Bay,Feb 2019,2,0,NA,0.34500000000000064,0.06363961030678918,DissNitrateNitrite
Northern Interior Bay,Feb 2020,2,0,NA,0.29499999999999993,0.09192388155425048,DissNitrateNitrite
Northern Interior Bay,Jan 2019,2,0,NA,0.47850000000000037,0.026162950903901576,DissNitrateNitrite
Northern Interior Bay,Jan 2020,2,0,NA,0.23499999999999943,0.10606601717798113,DissNitrateNitrite
Northern Interior Bay,Jul 2019,2,0,NA,0.15449999999999875,0.0926309883354379,DissNitrateNitrite
Northern Interior Bay,Jul 2020,2,0,NA,0.12950000000000017,0.084145706961199,DissNitrateNitrite
Northern Interior Bay,Jun 2019,2,0,NA,0.11500000000000021,0.03535533905932788,DissNitrateNitrite
Northern Interior Bay,Jun 2020,2,0,NA,0.1800000000000015,0.11313708498984772,DissNitrateNitrite
Northern Interior Bay,Mar 2019,2,0,NA,0.20500000000000007,0.03535533905932788,DissNitrateNitrite
Northern Interior Bay,Mar 2020,2,0,NA,0.20000000000000107,0.08485281374238642,DissNitrateNitrite
Northern Interior Bay,May 2019,2,0,NA,0.11700000000000088,0.032526911934580745,DissNitrateNitrite
Northern Interior Bay,Nov 2019,2,0,NA,0.22000000000000064,0.141421356237309,DissNitrateNitrite
Northern Interior Bay,Nov 2020,2,0,NA,0.1905000000000001,0.1124299782086603,DissNitrateNitrite
Northern Interior Bay,Oct 2019,2,0,NA,0.14500000000000135,0.06363961030678918,DissNitrateNitrite
Northern Interior Bay,Oct 2020,2,0,NA,0.20500000000000007,0.10606601717798364,DissNitrateNitrite
Northern Interior Bay,Sep 2019,2,0,NA,0.13299999999999912,0.07071067811865576,DissNitrateNitrite
Northern Interior Bay,Sep 2020,2,0,NA,0.15499999999999936,0.10606601717798364,DissNitrateNitrite
San Pablo Bay,Apr 2019,6,0,0.19000000000000128,0.1923333333333339,0.006377042156568765,DissNitrateNitrite
San Pablo Bay,Aug 2019,6,0,0.20599999999999952,0.20883333333333334,0.009474527252937084,DissNitrateNitrite
San Pablo Bay,Aug 2020,6,0,0.21399999999999864,0.2203333333333326,0.041678131755953425,DissNitrateNitrite
San Pablo Bay,Dec 2019,6,6,NA,NA,NA,DissNitrateNitrite
San Pablo Bay,Feb 2019,6,0,0.46000000000000085,0.4699999999999995,0.027568097504180114,DissNitrateNitrite
San Pablo Bay,Feb 2020,6,0,0.41000000000000014,0.4050000000000005,0.03209361307176213,DissNitrateNitrite
San Pablo Bay,Jan 2019,6,0,0.5399999999999991,0.525166666666666,0.050558546920048,DissNitrateNitrite
San Pablo Bay,Jan 2020,6,0,0.3999999999999986,0.3949999999999996,0.05244044240850716,DissNitrateNitrite
San Pablo Bay,Jul 2019,6,0,0.2560000000000002,0.2575000000000003,0.011878552100319847,DissNitrateNitrite
San Pablo Bay,Jul 2020,6,0,0.28000000000000114,0.2908333333333341,0.04005204946899337,DissNitrateNitrite
San Pablo Bay,Jun 2019,6,0,0.23000000000000043,0.22733333333333286,0.023406551789331657,DissNitrateNitrite
San Pablo Bay,Jun 2020,6,0,0.28999999999999915,0.2838333333333332,0.11966021338217137,DissNitrateNitrite
San Pablo Bay,Mar 2019,6,0,0.28999999999999915,0.29583333333333367,0.014918668394553702,DissNitrateNitrite
San Pablo Bay,Mar 2020,6,0,0.3999999999999986,0.4066666666666669,0.047187568984496935,DissNitrateNitrite
San Pablo Bay,May 2019,6,0,0.14000000000000057,0.14333333333333442,0.02581988897471629,DissNitrateNitrite
San Pablo Bay,Nov 2019,6,6,NA,NA,NA,DissNitrateNitrite
San Pablo Bay,Nov 2020,6,0,0.2469999999999999,0.24916666666666684,0.04213035327013913,DissNitrateNitrite
San Pablo Bay,Oct 2019,6,6,NA,NA,NA,DissNitrateNitrite
San Pablo Bay,Oct 2020,6,0,0.26000000000000156,0.26666666666666633,0.02503331114069205,DissNitrateNitrite
San Pablo Bay,Sep 2019,6,0,0.2480000000000011,0.25083333333333374,0.023447103588006096,DissNitrateNitrite
San Pablo Bay,Sep 2020,6,0,0.24599999999999866,0.23450000000000001,0.031430876538843654,DissNitrateNitrite
Southern Interior Delta,Apr 2019,4,0,0.28000000000000114,0.27500000000000036,0.1427118308573857,DissNitrateNitrite
Southern Interior Delta,Aug 2019,4,0,0.1460000000000008,0.33775000000000066,0.26745887534348084,DissNitrateNitrite
Southern Interior Delta,Aug 2020,4,1,0.05000000000000071,0.6625000000000005,0.7982187200260336,DissNitrateNitrite
Southern Interior Delta,Dec 2019,4,0,0.6400000000000006,1.3224999999999998,1.112965258517383,DissNitrateNitrite
Southern Interior Delta,Dec 2020,2,0,NA,1.1150000000000002,1.0253048327204934,DissNitrateNitrite
Southern Interior Delta,Feb 2019,4,0,0.9400000000000013,1.035000000000001,0.15110702608857443,DissNitrateNitrite
Southern Interior Delta,Feb 2020,4,0,0.6700000000000017,0.9575000000000005,0.5012235030403095,DissNitrateNitrite
Southern Interior Delta,Jan 2019,4,0,0.9600000000000009,2.0475000000000003,1.3385906767940683,DissNitrateNitrite
Southern Interior Delta,Jan 2020,4,0,0.7399999999999984,1.3849999999999998,0.9822932352408835,DissNitrateNitrite
Southern Interior Delta,Jul 2019,4,0,0.13100000000000023,0.40474999999999994,0.3620786056461588,DissNitrateNitrite
Southern Interior Delta,Jul 2020,4,0,0.10600000000000165,0.43400000000000016,0.39111464644866734,DissNitrateNitrite
Southern Interior Delta,Jun 2019,4,1,0.10999999999999943,0.16199999999999992,0.0701640933811598,DissNitrateNitrite
Southern Interior Delta,Jun 2020,4,0,0.254999999999999,0.48625000000000007,0.4002369090093187,DissNitrateNitrite
Southern Interior Delta,Mar 2019,4,0,0.43799999999999883,0.5269999999999992,0.1476798338749525,DissNitrateNitrite
Southern Interior Delta,Mar 2020,4,0,0.5700000000000003,0.8125,0.5328148521453466,DissNitrateNitrite
Southern Interior Delta,May 2019,4,1,0.30799999999999983,0.32649999999999935,0.026117522853440482,DissNitrateNitrite
Southern Interior Delta,Nov 2019,4,0,0.4499999999999993,0.8025000000000002,0.5241103573358061,DissNitrateNitrite
Southern Interior Delta,Nov 2020,4,0,0.3500000000000014,1.0425000000000004,0.8332016562633556,DissNitrateNitrite
Southern Interior Delta,Oct 2019,2,0,NA,0.3849999999999998,0.3181980515339459,DissNitrateNitrite
Southern Interior Delta,Oct 2020,4,0,0.1700000000000017,1.4275000000000002,1.5632098387612585,DissNitrateNitrite
Southern Interior Delta,Sep 2019,4,0,0.11799999999999855,0.4822499999999996,0.46729175397532313,DissNitrateNitrite
Southern Interior Delta,Sep 2020,4,0,0.120000000000001,1.13,1.2214199387052216,DissNitrateNitrite
Suisun & Grizzly Bays,Apr 2019,4,0,0.1700000000000017,0.22750000000000004,0.07588368291887969,DissNitrateNitrite
Suisun & Grizzly Bays,Aug 2019,4,0,0.15800000000000125,0.19850000000000012,0.077638049091064,DissNitrateNitrite
Suisun & Grizzly Bays,Aug 2020,4,0,0.1999999999999993,0.2450000000000001,0.07141428428542947,DissNitrateNitrite
Suisun & Grizzly Bays,Dec 2019,4,3,0.629999999999999,0.629999999999999,NA,DissNitrateNitrite
Suisun & Grizzly Bays,Feb 2019,4,0,0.4200000000000017,0.4380000000000006,0.05635601121442059,DissNitrateNitrite
Suisun & Grizzly Bays,Feb 2020,4,0,0.4800000000000004,0.4874999999999998,0.00957427107756302,DissNitrateNitrite
Suisun & Grizzly Bays,Jan 2019,4,0,0.5700000000000003,0.6325000000000003,0.09464847243000418,DissNitrateNitrite
Suisun & Grizzly Bays,Jan 2020,4,0,0.48999999999999844,0.4999999999999991,0.02000000000000135,DissNitrateNitrite
Suisun & Grizzly Bays,Jul 2019,4,0,0.2660000000000018,0.31650000000000045,0.08820241871211083,DissNitrateNitrite
Suisun & Grizzly Bays,Jul 2020,4,0,0.3200000000000003,0.3514999999999997,0.059991666087881944,DissNitrateNitrite
Suisun & Grizzly Bays,Jun 2019,4,0,0.1700000000000017,0.2550000000000008,0.1206924466015448,DissNitrateNitrite
Suisun & Grizzly Bays,Jun 2020,4,0,0.41000000000000014,0.4324999999999992,0.04031128874149236,DissNitrateNitrite
Suisun & Grizzly Bays,Mar 2019,4,0,0.3299999999999983,0.35499999999999954,0.06557438524301969,DissNitrateNitrite
Suisun & Grizzly Bays,Mar 2020,4,0,0.41000000000000014,0.41999999999999993,0.03741657386773924,DissNitrateNitrite
Suisun & Grizzly Bays,May 2019,4,0,0.16000000000000014,0.2087500000000002,0.06730713186579924,DissNitrateNitrite
Suisun & Grizzly Bays,Nov 2019,4,4,NA,NA,NA,DissNitrateNitrite
Suisun & Grizzly Bays,Nov 2020,4,0,0.28000000000000114,0.29849999999999977,0.028207563997385977,DissNitrateNitrite
Suisun & Grizzly Bays,Oct 2019,4,4,NA,NA,NA,DissNitrateNitrite
Suisun & Grizzly Bays,Oct 2020,4,0,0.28999999999999915,0.29824999999999946,0.015882380174267626,DissNitrateNitrite
Suisun & Grizzly Bays,Sep 2019,4,0,0.27199999999999847,0.28449999999999953,0.0413481156362256,DissNitrateNitrite
Suisun & Grizzly Bays,Sep 2020,4,0,0.2699999999999996,0.28999999999999915,0.05099019513592815,DissNitrateNitrite
Central Delta,Apr 2019,4,0,0.050000000000000044,0.05175000000000002,0.005678908345800309,TotPhos
Central Delta,Aug 2019,4,0,0.06699999999999995,0.06875000000000003,0.002753785273643077,TotPhos
Central Delta,Aug 2020,4,0,0.07000000000000006,0.07825000000000004,0.01609088769044978,TotPhos
Central Delta,Dec 2019,4,2,0.04200000000000004,0.04349999999999998,0.0029999999999998916,TotPhos
Central Delta,Dec 2020,3,0,0.06000000000000005,0.05666666666666672,0.01527525231651948,TotPhos
Central Delta,Feb 2019,4,0,0.09400000000000008,0.1255,0.04625653107039762,TotPhos
Central Delta,Feb 2020,4,0,0.08800000000000008,0.08475000000000005,0.014221462653327887,TotPhos
Central Delta,Jan 2019,4,0,NA,0.08500000000000008,0.010000000000000009,TotPhos
Central Delta,Jan 2020,4,0,0.07699999999999996,0.08000000000000002,0.01564182427553344,TotPhos
Central Delta,Jul 2019,4,0,0.06000000000000005,0.0695,0.018375708603116957,TotPhos
Central Delta,Jul 2020,4,0,0.07000000000000006,0.07000000000000006,0.008164965809277266,TotPhos
Central Delta,Jun 2019,4,0,0.050000000000000044,0.05750000000000005,0.00957427107756339,TotPhos
Central Delta,Jun 2020,4,0,NA,0.08500000000000008,0.005773502691896262,TotPhos
Central Delta,Mar 2019,4,0,0.07000000000000006,0.07750000000000007,0.00957427107756339,TotPhos
Central Delta,Mar 2020,4,0,NA,0.08725000000000005,0.026525145302775173,TotPhos
Central Delta,May 2019,4,0,0.050000000000000044,0.05250000000000005,0.012583057392117927,TotPhos
Central Delta,Nov 2019,4,0,0.05400000000000005,0.056499999999999995,0.00556776436283006,TotPhos
Central Delta,Nov 2020,4,0,NA,0.06500000000000006,0.010000000000000009,TotPhos
Central Delta,Oct 2019,4,0,0.050000000000000044,0.05249999999999999,0.0036968455021364655,TotPhos
Central Delta,Oct 2020,4,0,0.07000000000000006,0.07250000000000006,0.0050000000000000044,TotPhos
Central Delta,Sep 2019,4,0,0.06000000000000005,0.06125000000000003,0.00618465843842645,TotPhos
Central Delta,Sep 2020,4,0,0.07000000000000006,0.07200000000000006,0.0040000000000000036,TotPhos
Confluence,Apr 2019,4,0,0.050000000000000044,0.05750000000000005,0.00957427107756339,TotPhos
Confluence,Aug 2019,4,0,0.06699999999999995,0.068,0.0018257418583505554,TotPhos
Confluence,Aug 2020,4,0,NA,0.07750000000000007,0.0050000000000000044,TotPhos
Confluence,Dec 2019,4,3,0.04400000000000004,0.04400000000000004,NA,TotPhos
Confluence,Dec 2020,1,0,NA,0.09000000000000008,NA,TotPhos
Confluence,Feb 2019,4,0,0.09000000000000008,0.10700000000000004,0.03496665077851554,TotPhos
Confluence,Feb 2020,4,0,0.1100000000000001,0.12124999999999997,0.035677957714346044,TotPhos
Confluence,Jan 2019,4,0,0.11099999999999999,0.10949999999999999,0.011030261405182788,TotPhos
Confluence,Jan 2020,2,0,NA,0.0605,0.007778174593052109,TotPhos
Confluence,Jul 2019,4,0,0.07000000000000006,0.07575000000000004,0.011615363389350573,TotPhos
Confluence,Jul 2020,4,0,0.08000000000000007,0.08825000000000005,0.016977926846349613,TotPhos
Confluence,Jun 2019,4,0,0.050000000000000044,0.050500000000000045,0.009000000000000006,TotPhos
Confluence,Jun 2020,4,0,0.09400000000000008,0.09925000000000006,0.010045728777279717,TotPhos
Confluence,Mar 2019,4,0,0.07000000000000006,0.08000000000000007,0.014142135623730963,TotPhos
Confluence,Mar 2020,4,0,0.10000000000000009,0.11399999999999999,0.020264912204760784,TotPhos
Confluence,May 2019,4,0,0.050000000000000044,0.05750000000000005,0.00957427107756339,TotPhos
Confluence,Nov 2019,4,0,0.06800000000000006,0.07275000000000004,0.008920949127381788,TotPhos
Confluence,Nov 2020,4,0,0.10000000000000009,0.10250000000000004,0.01707825127659927,TotPhos
Confluence,Oct 2019,4,0,0.06899999999999995,0.07749999999999996,0.013699148392023023,TotPhos
Confluence,Oct 2020,4,0,0.09000000000000008,0.09000000000000008,0.008164965809277266,TotPhos
Confluence,Sep 2019,4,0,0.07600000000000007,0.08300000000000007,0.023636130534981134,TotPhos
Confluence,Sep 2020,4,0,0.08000000000000007,0.09025000000000005,0.020499999999999963,TotPhos
Northern Interior Bay,Apr 2019,2,0,NA,0.06500000000000006,0.021213203435596448,TotPhos
Northern Interior Bay,Aug 2019,2,0,NA,0.0605,7.071067811864697e-4,TotPhos
Northern Interior Bay,Aug 2020,2,0,NA,0.07150000000000001,0.012020815280171397,TotPhos
Northern Interior Bay,Dec 2019,2,1,0.06800000000000006,0.06800000000000006,NA,TotPhos
Northern Interior Bay,Dec 2020,1,0,NA,0.09000000000000008,NA,TotPhos
Northern Interior Bay,Feb 2019,2,0,NA,0.09999999999999998,0.02828427124746177,TotPhos
Northern Interior Bay,Feb 2020,2,0,NA,0.1499999999999999,NA,TotPhos
Northern Interior Bay,Jan 2019,2,0,NA,0.11999999999999988,NA,TotPhos
Northern Interior Bay,Jul 2019,2,0,NA,0.04749999999999999,0.006363961030679013,TotPhos
Northern Interior Bay,Jul 2020,2,0,NA,0.056499999999999995,0.009192388155425049,TotPhos
Northern Interior Bay,Jun 2019,2,0,NA,0.04500000000000004,0.007071067811865482,TotPhos
Northern Interior Bay,Jun 2020,2,0,NA,0.08000000000000007,NA,TotPhos
Northern Interior Bay,Mar 2019,2,0,NA,0.07500000000000007,0.007071067811865482,TotPhos
Northern Interior Bay,Mar 2020,2,0,NA,0.08700000000000008,0.018384776310850254,TotPhos
Northern Interior Bay,May 2019,2,0,NA,0.04349999999999998,0.004949747468305759,TotPhos
Northern Interior Bay,Nov 2019,2,0,NA,0.07950000000000002,0.014849242404917591,TotPhos
Northern Interior Bay,Nov 2020,2,0,NA,0.08000000000000007,0.014142135623730965,TotPhos
Northern Interior Bay,Oct 2019,2,0,NA,0.050000000000000044,0.005656854249492385,TotPhos
Northern Interior Bay,Oct 2020,2,0,NA,0.08500000000000008,0.007071067811865482,TotPhos
Northern Interior Bay,Sep 2019,2,0,NA,0.05049999999999999,7.071067811864697e-4,TotPhos
Northern Interior Bay,Sep 2020,2,0,NA,0.07500000000000007,0.007071067811865482,TotPhos
San Pablo Bay,Apr 2019,6,0,0.08000000000000007,0.23333333333333336,0.3854175225215722,TotPhos
San Pablo Bay,Aug 2019,6,0,0.09800000000000009,0.09866666666666668,0.007447594690010122,TotPhos
San Pablo Bay,Aug 2020,6,0,0.10899999999999999,0.10883333333333334,0.0066156380392722435,TotPhos
San Pablo Bay,Dec 2019,6,6,NA,NA,NA,TotPhos
San Pablo Bay,Feb 2019,6,0,0.16999999999999993,0.16733333333333333,0.039858081572833715,TotPhos
San Pablo Bay,Feb 2020,6,0,0.11999999999999988,0.12899999999999998,0.034146742157927706,TotPhos
San Pablo Bay,Jan 2019,6,0,NA,0.09500000000000008,0.005477225575051666,TotPhos
San Pablo Bay,Jan 2020,6,0,0.10000000000000009,0.11466666666666672,0.026280537792569312,TotPhos
San Pablo Bay,Jul 2019,6,0,0.10000000000000009,0.11800000000000002,0.0547393825321404,TotPhos
San Pablo Bay,Jul 2020,6,0,0.11999999999999988,0.11699999999999999,0.009444575162494036,TotPhos
San Pablo Bay,Jun 2019,6,0,0.07800000000000007,0.08533333333333341,0.019459359359101914,TotPhos
San Pablo Bay,Jun 2020,6,0,0.10000000000000009,0.09900000000000009,0.008831760866327854,TotPhos
San Pablo Bay,Mar 2019,6,0,0.08000000000000007,0.08333333333333341,0.010327955589886455,TotPhos
San Pablo Bay,Mar 2020,6,0,0.13000000000000012,0.12999999999999998,0.008944271909999165,TotPhos
San Pablo Bay,May 2019,6,0,0.09000000000000008,0.09416666666666669,0.026156579796805683,TotPhos
San Pablo Bay,Nov 2019,6,0,0.07400000000000007,0.07550000000000001,0.009005553841935547,TotPhos
San Pablo Bay,Nov 2020,6,0,0.1120000000000001,0.1146666666666667,0.01704894913672583,TotPhos
San Pablo Bay,Oct 2019,6,0,0.08899999999999997,0.08966666666666667,0.004718756898449682,TotPhos
San Pablo Bay,Oct 2020,6,0,0.10499999999999998,0.10916666666666668,0.00735980072193982,TotPhos
San Pablo Bay,Sep 2019,6,0,0.10000000000000009,0.10800000000000003,0.017297398648351732,TotPhos
San Pablo Bay,Sep 2020,6,0,0.10899999999999999,0.1121666666666667,0.01006810144300632,TotPhos
Southern Interior Delta,Apr 2019,4,0,0.08000000000000007,0.08500000000000008,0.012909944487358068,TotPhos
Southern Interior Delta,Aug 2019,4,0,0.08099999999999996,0.09825,0.039075781075580074,TotPhos
Southern Interior Delta,Aug 2020,4,0,0.09000000000000008,0.13500000000000006,0.09746794344808961,TotPhos
Southern Interior Delta,Dec 2019,4,0,0.05899999999999994,0.11349999999999999,0.0801602561539487,TotPhos
Southern Interior Delta,Dec 2020,2,0,NA,0.0665,0.004949747468305916,TotPhos
Southern Interior Delta,Feb 2019,4,0,0.15300000000000002,0.20875000000000005,0.08971575484086762,TotPhos
Southern Interior Delta,Feb 2020,4,0,0.11999999999999988,0.10999999999999999,0.02708012801545317,TotPhos
Southern Interior Delta,Jan 2019,4,0,0.1499999999999999,0.21249999999999997,0.1307351011269225,TotPhos
Southern Interior Delta,Jan 2020,2,0,NA,0.20200000000000007,0.15273506473629425,TotPhos
Southern Interior Delta,Jul 2019,4,0,0.08299999999999996,0.09699999999999998,0.03186429558821801,TotPhos
Southern Interior Delta,Jul 2020,4,0,0.07800000000000007,0.10900000000000004,0.052064063101785095,TotPhos
Southern Interior Delta,Jun 2019,4,0,0.09000000000000008,0.09550000000000008,0.013699148392023023,TotPhos
Southern Interior Delta,Jun 2020,4,0,0.09000000000000008,0.10825000000000001,0.05801364781957197,TotPhos
Southern Interior Delta,Mar 2019,4,0,0.07800000000000007,0.09200000000000003,0.03229034943549947,TotPhos
Southern Interior Delta,Mar 2020,4,0,0.10000000000000009,0.13574999999999998,0.058071077138279394,TotPhos
Southern Interior Delta,May 2019,4,0,0.08000000000000007,0.08450000000000008,0.016360521589077383,TotPhos
Southern Interior Delta,Nov 2019,4,0,0.1100000000000001,0.11449999999999999,0.04886375616616738,TotPhos
Southern Interior Delta,Nov 2020,4,0,0.07000000000000006,0.10750000000000004,0.06238322424070961,TotPhos
Southern Interior Delta,Oct 2019,4,0,0.07800000000000007,0.09200000000000008,0.03015515434106307,TotPhos
Southern Interior Delta,Oct 2020,4,0,0.07800000000000007,0.16200000000000003,0.1724412943583989,TotPhos
Southern Interior Delta,Sep 2019,4,0,0.09299999999999997,0.10974999999999996,0.04060685492212694,TotPhos
Southern Interior Delta,Sep 2020,4,0,0.08000000000000007,0.18000000000000005,0.20672042311618197,TotPhos
Suisun & Grizzly Bays,Apr 2019,4,0,0.07000000000000006,0.10750000000000004,0.051881274720911225,TotPhos
Suisun & Grizzly Bays,Aug 2019,4,0,0.09899999999999998,0.10725000000000001,0.036782015532956625,TotPhos
Suisun & Grizzly Bays,Aug 2020,4,0,0.10000000000000009,0.11550000000000005,0.038656607887052476,TotPhos
Suisun & Grizzly Bays,Dec 2019,4,1,0.04400000000000004,0.07050000000000001,0.05621498910433046,TotPhos
Suisun & Grizzly Bays,Feb 2019,4,0,0.17999999999999994,0.18624999999999997,0.03300883720056396,TotPhos
Suisun & Grizzly Bays,Feb 2020,4,0,0.13000000000000012,0.1325,0.012583057392117897,TotPhos
Suisun & Grizzly Bays,Jan 2019,4,0,0.09400000000000008,0.12350000000000005,0.043882418651057346,TotPhos
Suisun & Grizzly Bays,Jan 2020,4,1,0.07200000000000006,0.06833333333333336,0.018269586141393047,TotPhos
Suisun & Grizzly Bays,Jul 2019,4,0,0.10200000000000009,0.13175000000000003,0.04984893847081067,TotPhos
Suisun & Grizzly Bays,Jul 2020,4,0,0.1080000000000001,0.12000000000000005,0.034679484809706465,TotPhos
Suisun & Grizzly Bays,Jun 2019,4,0,0.05499999999999994,0.12624999999999997,0.09826622003516773,TotPhos
Suisun & Grizzly Bays,Jun 2020,4,0,0.11299999999999999,0.133,0.03695943722515261,TotPhos
Suisun & Grizzly Bays,Mar 2019,4,0,0.08000000000000007,0.11925000000000002,0.05929235476293151,TotPhos
Suisun & Grizzly Bays,Mar 2020,4,0,0.09400000000000008,0.09125000000000005,0.021219095173923015,TotPhos
Suisun & Grizzly Bays,May 2019,4,0,0.08000000000000007,0.13125000000000003,0.07157921020333576,TotPhos
Suisun & Grizzly Bays,Nov 2019,4,0,0.07499999999999996,0.07950000000000002,0.0064549722436790516,TotPhos
Suisun & Grizzly Bays,Nov 2020,4,0,0.121,0.12,0.021463146709340263,TotPhos
Suisun & Grizzly Bays,Oct 2019,4,0,0.09400000000000008,0.09700000000000009,0.010893423092245471,TotPhos
Suisun & Grizzly Bays,Oct 2020,4,0,0.10499999999999998,0.10300000000000004,0.008831760866327821,TotPhos
Suisun & Grizzly Bays,Sep 2019,4,0,0.10499999999999998,0.11524999999999996,0.02627260931083922,TotPhos
Suisun & Grizzly Bays,Sep 2020,4,0,0.10899999999999999,0.119,0.02067204231161815,TotPhos
